{"type":"FeatureCollection","name":"EMSR916_AOI06_GRA_MONIT01_builtUpP_v1","crs":{"type":"name","properties":{"name":"urn:ogc:def:crs:OGC:1.3:CRS84"}},"features":[{"type":"Feature","properties":{"obj_type":"11-Residential Buildings","name":"Unknown","info":"997-Not Applicable","simplified":"Residential","damage_gra":"Damaged","det_method":"Photo-interpretation","notation":"Building point","or_src_id":1,"dmg_src_id":4,"cd_value":"Not Applicable"},"geometry":{"type":"Point","coordinates":[-77.01321215,3.86498637]}},{"type":"Feature","properties":{"obj_type":"11-Residential Buildings","name":"Unknown","info":"997-Not Applicable","simplified":"Residential","damage_gra":"Damaged","det_method":"Photo-interpretation","notation":"Building point","or_src_id":1,"dmg_src_id":4,"cd_value":"Not Applicable"},"geometry":{"type":"Point","coordinates":[-77.01394327,3.86522643]}},{"type":"Feature","properties":{"obj_type":"11-Residential Buildings","name":"Unknown","info":"997-Not Applicable","simplified":"Residential","damage_gra":"Damaged","det_method":"Photo-interpretation","notation":"Building point","or_src_id":1,"dmg_src_id":4,"cd_value":"Not Applicable"},"geometry":{"type":"Point","coordinates":[-77.01303606,3.86648577]}},{"type":"Feature","properties":{"obj_type":"11-Residential Buildings","name":"Unknown","info":"997-Not Applicable","simplified":"Residential","damage_gra":"Damaged","det_method":"Photo-interpretation","notation":"Building point","or_src_id":1,"dmg_src_id":4,"cd_value":"Not Applicable"},"geometry":{"type":"Point","coordinates":[-77.01387851,3.86687344]}},{"type":"Feature","properties":{"obj_type":"11-Residential Buildings","name":"Unknown","info":"997-Not Applicable","simplified":"Residential","damage_gra":"Damaged","det_method":"Photo-interpretation","notation":"Building point","or_src_id":1,"dmg_src_id":4,"cd_value":"Not Applicable"},"geometry":{"type":"Point","coordinates":[-77.01324252,3.86704034]}},{"type":"Feature","properties":{"obj_type":"11-Residential Buildings","name":"Unknown","info":"997-Not Applicable","simplified":"Residential","damage_gra":"Damaged","det_method":"Photo-interpretation","notation":"Building point","or_src_id":1,"dmg_src_id":4,"cd_value":"Not Applicable"},"geometry":{"type":"Point","coordinates":[-77.0147817,3.86849712]}},{"type":"Feature","properties":{"obj_type":"11-Residential Buildings","name":"Unknown","info":"997-Not Applicable","simplified":"Residential","damage_gra":"Damaged","det_method":"Photo-interpretation","notation":"Building point","or_src_id":1,"dmg_src_id":4,"cd_value":"Not Applicable"},"geometry":{"type":"Point","coordinates":[-77.01139996,3.86899234]}},{"type":"Feature","properties":{"obj_type":"11-Residential Buildings","name":"Unknown","info":"997-Not Applicable","simplified":"Residential","damage_gra":"Damaged","det_method":"Photo-interpretation","notation":"Building point","or_src_id":1,"dmg_src_id":4,"cd_value":"Not Applicable"},"geometry":{"type":"Point","coordinates":[-77.01221394,3.86956244]}},{"type":"Feature","properties":{"obj_type":"11-Residential Buildings","name":"Unknown","info":"997-Not Applicable","simplified":"Residential","damage_gra":"Destroyed","det_method":"Photo-interpretation","notation":"Building point","or_src_id":1,"dmg_src_id":4,"cd_value":"Not Applicable"},"geometry":{"type":"Point","coordinates":[-77.01173688,3.87003848]}},{"type":"Feature","properties":{"obj_type":"11-Residential Buildings","name":"Unknown","info":"997-Not Applicable","simplified":"Residential","damage_gra":"Damaged","det_method":"Photo-interpretation","notation":"Building point","or_src_id":1,"dmg_src_id":4,"cd_value":"Not Applicable"},"geometry":{"type":"Point","coordinates":[-77.02388819,3.87263191]}},{"type":"Feature","properties":{"obj_type":"11-Residential Buildings","name":"Unknown","info":"997-Not Applicable","simplified":"Residential","damage_gra":"Destroyed","det_method":"Photo-interpretation","notation":"Building point","or_src_id":1,"dmg_src_id":4,"cd_value":"Not Applicable"},"geometry":{"type":"Point","coordinates":[-77.01122212,3.8675336]}},{"type":"Feature","properties":{"obj_type":"11-Residential Buildings","name":"Unknown","info":"997-Not Applicable","simplified":"Residential","damage_gra":"Damaged","det_method":"Photo-interpretation","notation":"Building point","or_src_id":1,"dmg_src_id":4,"cd_value":"Not Applicable"},"geometry":{"type":"Point","coordinates":[-77.01101715,3.86840796]}},{"type":"Feature","properties":{"obj_type":"11-Residential Buildings","name":"Unknown","info":"997-Not Applicable","simplified":"Residential","damage_gra":"Damaged","det_method":"Photo-interpretation","notation":"Building point","or_src_id":1,"dmg_src_id":4,"cd_value":"Not Applicable"},"geometry":{"type":"Point","coordinates":[-77.00568037,3.87011285]}},{"type":"Feature","properties":{"obj_type":"11-Residential Buildings","name":"Unknown","info":"997-Not Applicable","simplified":"Residential","damage_gra":"Damaged","det_method":"Photo-interpretation","notation":"Building point","or_src_id":1,"dmg_src_id":4,"cd_value":"Not Applicable"},"geometry":{"type":"Point","coordinates":[-77.01028948,3.8701915]}},{"type":"Feature","properties":{"obj_type":"11-Residential Buildings","name":"Unknown","info":"997-Not Applicable","simplified":"Residential","damage_gra":"Destroyed","det_method":"Photo-interpretation","notation":"Building point","or_src_id":1,"dmg_src_id":4,"cd_value":"Not Applicable"},"geometry":{"type":"Point","coordinates":[-77.01084635,3.87024085]}},{"type":"Feature","properties":{"obj_type":"11-Residential Buildings","name":"Unknown","info":"997-Not Applicable","simplified":"Residential","damage_gra":"Destroyed","det_method":"Photo-interpretation","notation":"Building point","or_src_id":1,"dmg_src_id":4,"cd_value":"Not Applicable"},"geometry":{"type":"Point","coordinates":[-77.01070937,3.87035216]}},{"type":"Feature","properties":{"obj_type":"11-Residential Buildings","name":"Unknown","info":"997-Not Applicable","simplified":"Residential","damage_gra":"Destroyed","det_method":"Photo-interpretation","notation":"Building point","or_src_id":1,"dmg_src_id":4,"cd_value":"Not Applicable"},"geometry":{"type":"Point","coordinates":[-77.00899388,3.87035318]}},{"type":"Feature","properties":{"obj_type":"11-Residential Buildings","name":"Unknown","info":"997-Not Applicable","simplified":"Residential","damage_gra":"Destroyed","det_method":"Photo-interpretation","notation":"Building point","or_src_id":1,"dmg_src_id":4,"cd_value":"Not Applicable"},"geometry":{"type":"Point","coordinates":[-77.01039538,3.87054867]}},{"type":"Feature","properties":{"obj_type":"11-Residential Buildings","name":"Unknown","info":"997-Not Applicable","simplified":"Residential","damage_gra":"Damaged","det_method":"Photo-interpretation","notation":"Building point","or_src_id":1,"dmg_src_id":4,"cd_value":"Not Applicable"},"geometry":{"type":"Point","coordinates":[-77.00952946,3.87072004]}},{"type":"Feature","properties":{"obj_type":"11-Residential Buildings","name":"Unknown","info":"997-Not Applicable","simplified":"Residential","damage_gra":"Damaged","det_method":"Photo-interpretation","notation":"Building point","or_src_id":1,"dmg_src_id":4,"cd_value":"Not Applicable"},"geometry":{"type":"Point","coordinates":[-76.99835436,3.87095977]}},{"type":"Feature","properties":{"obj_type":"11-Residential Buildings","name":"Unknown","info":"997-Not Applicable","simplified":"Residential","damage_gra":"Possibly damaged","det_method":"Photo-interpretation","notation":"Building point","or_src_id":1,"dmg_src_id":4,"cd_value":"Not Applicable"},"geometry":{"type":"Point","coordinates":[-76.99766808,3.87105102]}},{"type":"Feature","properties":{"obj_type":"11-Residential Buildings","name":"Unknown","info":"997-Not Applicable","simplified":"Residential","damage_gra":"Damaged","det_method":"Photo-interpretation","notation":"Building point","or_src_id":1,"dmg_src_id":4,"cd_value":"Not Applicable"},"geometry":{"type":"Point","coordinates":[-77.01011588,3.87115833]}},{"type":"Feature","properties":{"obj_type":"11-Residential Buildings","name":"Unknown","info":"997-Not Applicable","simplified":"Residential","damage_gra":"Damaged","det_method":"Photo-interpretation","notation":"Building point","or_src_id":1,"dmg_src_id":4,"cd_value":"Not Applicable"},"geometry":{"type":"Point","coordinates":[-76.99823808,3.87119628]}},{"type":"Feature","properties":{"obj_type":"11-Residential Buildings","name":"Unknown","info":"997-Not Applicable","simplified":"Residential","damage_gra":"Damaged","det_method":"Photo-interpretation","notation":"Building point","or_src_id":1,"dmg_src_id":4,"cd_value":"Not Applicable"},"geometry":{"type":"Point","coordinates":[-76.9982188,3.87134451]}},{"type":"Feature","properties":{"obj_type":"11-Residential Buildings","name":"Unknown","info":"997-Not Applicable","simplified":"Residential","damage_gra":"Damaged","det_method":"Photo-interpretation","notation":"Building point","or_src_id":1,"dmg_src_id":4,"cd_value":"Not Applicable"},"geometry":{"type":"Point","coordinates":[-77.00908462,3.87171423]}},{"type":"Feature","properties":{"obj_type":"11-Residential Buildings","name":"Unknown","info":"997-Not Applicable","simplified":"Residential","damage_gra":"Damaged","det_method":"Photo-interpretation","notation":"Building point","or_src_id":1,"dmg_src_id":4,"cd_value":"Not Applicable"},"geometry":{"type":"Point","coordinates":[-76.99826176,3.87180143]}},{"type":"Feature","properties":{"obj_type":"11-Residential Buildings","name":"Unknown","info":"997-Not Applicable","simplified":"Residential","damage_gra":"Damaged","det_method":"Photo-interpretation","notation":"Building point","or_src_id":1,"dmg_src_id":4,"cd_value":"Not Applicable"},"geometry":{"type":"Point","coordinates":[-77.00982896,3.87237399]}},{"type":"Feature","properties":{"obj_type":"11-Residential Buildings","name":"Unknown","info":"997-Not Applicable","simplified":"Residential","damage_gra":"Damaged","det_method":"Photo-interpretation","notation":"Building point","or_src_id":1,"dmg_src_id":4,"cd_value":"Not Applicable"},"geometry":{"type":"Point","coordinates":[-77.00987504,3.87258483]}},{"type":"Feature","properties":{"obj_type":"11-Residential Buildings","name":"Unknown","info":"997-Not Applicable","simplified":"Residential","damage_gra":"Damaged","det_method":"Photo-interpretation","notation":"Building point","or_src_id":1,"dmg_src_id":4,"cd_value":"Not Applicable"},"geometry":{"type":"Point","coordinates":[-77.00944924,3.87265671]}},{"type":"Feature","properties":{"obj_type":"11-Residential Buildings","name":"Unknown","info":"997-Not Applicable","simplified":"Residential","damage_gra":"Destroyed","det_method":"Photo-interpretation","notation":"Building point","or_src_id":1,"dmg_src_id":4,"cd_value":"Not Applicable"},"geometry":{"type":"Point","coordinates":[-77.00995351,3.87272364]}},{"type":"Feature","properties":{"obj_type":"11-Residential Buildings","name":"Unknown","info":"997-Not Applicable","simplified":"Residential","damage_gra":"Possibly damaged","det_method":"Photo-interpretation","notation":"Building point","or_src_id":1,"dmg_src_id":4,"cd_value":"Not Applicable"},"geometry":{"type":"Point","coordinates":[-77.02355352,3.87272311]}},{"type":"Feature","properties":{"obj_type":"11-Residential Buildings","name":"Unknown","info":"997-Not Applicable","simplified":"Residential","damage_gra":"Damaged","det_method":"Photo-interpretation","notation":"Building point","or_src_id":1,"dmg_src_id":4,"cd_value":"Not Applicable"},"geometry":{"type":"Point","coordinates":[-77.02377692,3.87290148]}},{"type":"Feature","properties":{"obj_type":"11-Residential Buildings","name":"Unknown","info":"997-Not Applicable","simplified":"Residential","damage_gra":"Damaged","det_method":"Photo-interpretation","notation":"Building point","or_src_id":1,"dmg_src_id":4,"cd_value":"Not Applicable"},"geometry":{"type":"Point","coordinates":[-77.02411305,3.87306678]}},{"type":"Feature","properties":{"obj_type":"11-Residential Buildings","name":"Unknown","info":"997-Not Applicable","simplified":"Residential","damage_gra":"Possibly damaged","det_method":"Photo-interpretation","notation":"Building point","or_src_id":1,"dmg_src_id":4,"cd_value":"Not Applicable"},"geometry":{"type":"Point","coordinates":[-77.0244148,3.87312491]}},{"type":"Feature","properties":{"obj_type":"11-Residential Buildings","name":"Unknown","info":"997-Not Applicable","simplified":"Residential","damage_gra":"Damaged","det_method":"Photo-interpretation","notation":"Building point","or_src_id":1,"dmg_src_id":4,"cd_value":"Not Applicable"},"geometry":{"type":"Point","coordinates":[-77.02390878,3.8731758]}},{"type":"Feature","properties":{"obj_type":"11-Residential Buildings","name":"Unknown","info":"997-Not Applicable","simplified":"Residential","damage_gra":"Destroyed","det_method":"Photo-interpretation","notation":"Building point","or_src_id":1,"dmg_src_id":4,"cd_value":"Not Applicable"},"geometry":{"type":"Point","coordinates":[-77.02373022,3.87327959]}},{"type":"Feature","properties":{"obj_type":"11-Residential Buildings","name":"Unknown","info":"997-Not Applicable","simplified":"Residential","damage_gra":"Damaged","det_method":"Photo-interpretation","notation":"Building point","or_src_id":1,"dmg_src_id":4,"cd_value":"Not Applicable"},"geometry":{"type":"Point","coordinates":[-77.02414701,3.87328376]}},{"type":"Feature","properties":{"obj_type":"11-Residential Buildings","name":"Unknown","info":"997-Not Applicable","simplified":"Residential","damage_gra":"Damaged","det_method":"Photo-interpretation","notation":"Building point","or_src_id":1,"dmg_src_id":4,"cd_value":"Not Applicable"},"geometry":{"type":"Point","coordinates":[-77.02406988,3.87330333]}},{"type":"Feature","properties":{"obj_type":"11-Residential Buildings","name":"Unknown","info":"997-Not Applicable","simplified":"Residential","damage_gra":"Damaged","det_method":"Photo-interpretation","notation":"Building point","or_src_id":1,"dmg_src_id":4,"cd_value":"Not Applicable"},"geometry":{"type":"Point","coordinates":[-77.02538034,3.87334523]}},{"type":"Feature","properties":{"obj_type":"11-Residential Buildings","name":"Unknown","info":"997-Not Applicable","simplified":"Residential","damage_gra":"Damaged","det_method":"Photo-interpretation","notation":"Building point","or_src_id":1,"dmg_src_id":4,"cd_value":"Not Applicable"},"geometry":{"type":"Point","coordinates":[-77.02381049,3.87349517]}},{"type":"Feature","properties":{"obj_type":"11-Residential Buildings","name":"Unknown","info":"997-Not Applicable","simplified":"Residential","damage_gra":"Destroyed","det_method":"Photo-interpretation","notation":"Building point","or_src_id":1,"dmg_src_id":4,"cd_value":"Not Applicable"},"geometry":{"type":"Point","coordinates":[-76.99327427,3.87278614]}},{"type":"Feature","properties":{"obj_type":"11-Residential Buildings","name":"Unknown","info":"997-Not Applicable","simplified":"Residential","damage_gra":"Destroyed","det_method":"Photo-interpretation","notation":"Building point","or_src_id":1,"dmg_src_id":4,"cd_value":"Not Applicable"},"geometry":{"type":"Point","coordinates":[-76.99418998,3.87338748]}},{"type":"Feature","properties":{"obj_type":"11-Residential Buildings","name":"Unknown","info":"997-Not Applicable","simplified":"Residential","damage_gra":"Damaged","det_method":"Photo-interpretation","notation":"Building point","or_src_id":1,"dmg_src_id":4,"cd_value":"Not Applicable"},"geometry":{"type":"Point","coordinates":[-77.00937551,3.873388]}},{"type":"Feature","properties":{"obj_type":"11-Residential Buildings","name":"Unknown","info":"997-Not Applicable","simplified":"Residential","damage_gra":"Damaged","det_method":"Photo-interpretation","notation":"Building point","or_src_id":1,"dmg_src_id":4,"cd_value":"Not Applicable"},"geometry":{"type":"Point","coordinates":[-77.00967506,3.87341179]}},{"type":"Feature","properties":{"obj_type":"11-Residential Buildings","name":"Unknown","info":"997-Not Applicable","simplified":"Residential","damage_gra":"Damaged","det_method":"Photo-interpretation","notation":"Building point","or_src_id":1,"dmg_src_id":4,"cd_value":"Not Applicable"},"geometry":{"type":"Point","coordinates":[-77.00969002,3.87345686]}},{"type":"Feature","properties":{"obj_type":"11-Residential Buildings","name":"Unknown","info":"997-Not Applicable","simplified":"Residential","damage_gra":"Damaged","det_method":"Photo-interpretation","notation":"Building point","or_src_id":1,"dmg_src_id":4,"cd_value":"Not Applicable"},"geometry":{"type":"Point","coordinates":[-76.99364234,3.87370563]}},{"type":"Feature","properties":{"obj_type":"11-Residential Buildings","name":"Unknown","info":"997-Not Applicable","simplified":"Residential","damage_gra":"Destroyed","det_method":"Photo-interpretation","notation":"Building point","or_src_id":1,"dmg_src_id":4,"cd_value":"Not Applicable"},"geometry":{"type":"Point","coordinates":[-77.00920568,3.87390974]}},{"type":"Feature","properties":{"obj_type":"11-Residential Buildings","name":"Unknown","info":"997-Not Applicable","simplified":"Residential","damage_gra":"Damaged","det_method":"Photo-interpretation","notation":"Building point","or_src_id":1,"dmg_src_id":4,"cd_value":"Not Applicable"},"geometry":{"type":"Point","coordinates":[-77.00927571,3.87395045]}},{"type":"Feature","properties":{"obj_type":"11-Residential Buildings","name":"Unknown","info":"997-Not Applicable","simplified":"Residential","damage_gra":"Destroyed","det_method":"Photo-interpretation","notation":"Building point","or_src_id":1,"dmg_src_id":4,"cd_value":"Not Applicable"},"geometry":{"type":"Point","coordinates":[-77.00967284,3.87399452]}},{"type":"Feature","properties":{"obj_type":"11-Residential Buildings","name":"Unknown","info":"997-Not Applicable","simplified":"Residential","damage_gra":"Destroyed","det_method":"Photo-interpretation","notation":"Building point","or_src_id":1,"dmg_src_id":4,"cd_value":"Not Applicable"},"geometry":{"type":"Point","coordinates":[-77.00960469,3.8740761]}},{"type":"Feature","properties":{"obj_type":"11-Residential Buildings","name":"Unknown","info":"997-Not Applicable","simplified":"Residential","damage_gra":"Destroyed","det_method":"Photo-interpretation","notation":"Building point","or_src_id":1,"dmg_src_id":4,"cd_value":"Not Applicable"},"geometry":{"type":"Point","coordinates":[-77.02424071,3.873822]}},{"type":"Feature","properties":{"obj_type":"11-Residential Buildings","name":"Unknown","info":"997-Not Applicable","simplified":"Residential","damage_gra":"Damaged","det_method":"Photo-interpretation","notation":"Building point","or_src_id":1,"dmg_src_id":4,"cd_value":"Not Applicable"},"geometry":{"type":"Point","coordinates":[-77.02344411,3.87413302]}},{"type":"Feature","properties":{"obj_type":"11-Residential Buildings","name":"Unknown","info":"997-Not Applicable","simplified":"Residential","damage_gra":"Damaged","det_method":"Photo-interpretation","notation":"Building point","or_src_id":1,"dmg_src_id":4,"cd_value":"Not Applicable"},"geometry":{"type":"Point","coordinates":[-77.02512799,3.87468714]}},{"type":"Feature","properties":{"obj_type":"11-Residential Buildings","name":"Unknown","info":"997-Not Applicable","simplified":"Residential","damage_gra":"Damaged","det_method":"Photo-interpretation","notation":"Building point","or_src_id":1,"dmg_src_id":3,"cd_value":"Not Applicable"},"geometry":{"type":"Point","coordinates":[-77.0352238,3.87492996]}},{"type":"Feature","properties":{"obj_type":"11-Residential Buildings","name":"Unknown","info":"997-Not Applicable","simplified":"Residential","damage_gra":"Possibly damaged","det_method":"Photo-interpretation","notation":"Building point","or_src_id":1,"dmg_src_id":3,"cd_value":"Not Applicable"},"geometry":{"type":"Point","coordinates":[-77.0346892,3.87494787]}},{"type":"Feature","properties":{"obj_type":"11-Residential Buildings","name":"Unknown","info":"997-Not Applicable","simplified":"Residential","damage_gra":"Damaged","det_method":"Photo-interpretation","notation":"Building point","or_src_id":1,"dmg_src_id":3,"cd_value":"Not Applicable"},"geometry":{"type":"Point","coordinates":[-77.03521812,3.87498041]}},{"type":"Feature","properties":{"obj_type":"11-Residential Buildings","name":"Unknown","info":"997-Not Applicable","simplified":"Residential","damage_gra":"Destroyed","det_method":"Photo-interpretation","notation":"Building point","or_src_id":1,"dmg_src_id":3,"cd_value":"Not Applicable"},"geometry":{"type":"Point","coordinates":[-77.03526855,3.87559835]}},{"type":"Feature","properties":{"obj_type":"11-Residential Buildings","name":"Unknown","info":"997-Not Applicable","simplified":"Residential","damage_gra":"Destroyed","det_method":"Photo-interpretation","notation":"Building point","or_src_id":1,"dmg_src_id":3,"cd_value":"Not Applicable"},"geometry":{"type":"Point","coordinates":[-77.03526733,3.87571658]}},{"type":"Feature","properties":{"obj_type":"11-Residential Buildings","name":"Unknown","info":"997-Not Applicable","simplified":"Residential","damage_gra":"Destroyed","det_method":"Photo-interpretation","notation":"Building point","or_src_id":1,"dmg_src_id":3,"cd_value":"Not Applicable"},"geometry":{"type":"Point","coordinates":[-77.03524304,3.87624833]}},{"type":"Feature","properties":{"obj_type":"11-Residential Buildings","name":"Unknown","info":"997-Not Applicable","simplified":"Residential","damage_gra":"Damaged","det_method":"Photo-interpretation","notation":"Building point","or_src_id":1,"dmg_src_id":3,"cd_value":"Not Applicable"},"geometry":{"type":"Point","coordinates":[-77.03524184,3.87636908]}},{"type":"Feature","properties":{"obj_type":"11-Residential Buildings","name":"Unknown","info":"997-Not Applicable","simplified":"Residential","damage_gra":"Destroyed","det_method":"Photo-interpretation","notation":"Building point","or_src_id":1,"dmg_src_id":4,"cd_value":"Not Applicable"},"geometry":{"type":"Point","coordinates":[-77.0097506,3.87409484]}},{"type":"Feature","properties":{"obj_type":"11-Residential Buildings","name":"Unknown","info":"997-Not Applicable","simplified":"Residential","damage_gra":"Destroyed","det_method":"Photo-interpretation","notation":"Building point","or_src_id":1,"dmg_src_id":4,"cd_value":"Not Applicable"},"geometry":{"type":"Point","coordinates":[-77.00983533,3.87415058]}},{"type":"Feature","properties":{"obj_type":"11-Residential Buildings","name":"Unknown","info":"997-Not Applicable","simplified":"Residential","damage_gra":"Damaged","det_method":"Photo-interpretation","notation":"Building point","or_src_id":1,"dmg_src_id":4,"cd_value":"Not Applicable"},"geometry":{"type":"Point","coordinates":[-77.0093404,3.87415383]}},{"type":"Feature","properties":{"obj_type":"11-Residential Buildings","name":"Unknown","info":"997-Not Applicable","simplified":"Residential","damage_gra":"Destroyed","det_method":"Photo-interpretation","notation":"Building point","or_src_id":1,"dmg_src_id":4,"cd_value":"Not Applicable"},"geometry":{"type":"Point","coordinates":[-77.00986846,3.87417987]}},{"type":"Feature","properties":{"obj_type":"11-Residential Buildings","name":"Unknown","info":"997-Not Applicable","simplified":"Residential","damage_gra":"Damaged","det_method":"Photo-interpretation","notation":"Building point","or_src_id":1,"dmg_src_id":4,"cd_value":"Not Applicable"},"geometry":{"type":"Point","coordinates":[-77.00974735,3.8743033]}},{"type":"Feature","properties":{"obj_type":"11-Residential Buildings","name":"Unknown","info":"997-Not Applicable","simplified":"Residential","damage_gra":"Destroyed","det_method":"Photo-interpretation","notation":"Building point","or_src_id":1,"dmg_src_id":4,"cd_value":"Not Applicable"},"geometry":{"type":"Point","coordinates":[-77.0082225,3.88003736]}},{"type":"Feature","properties":{"obj_type":"11-Residential Buildings","name":"Unknown","info":"997-Not Applicable","simplified":"Residential","damage_gra":"Damaged","det_method":"Photo-interpretation","notation":"Building point","or_src_id":1,"dmg_src_id":4,"cd_value":"Not Applicable"},"geometry":{"type":"Point","coordinates":[-77.00734882,3.88009516]}},{"type":"Feature","properties":{"obj_type":"11-Residential Buildings","name":"Unknown","info":"997-Not Applicable","simplified":"Residential","damage_gra":"Possibly damaged","det_method":"Photo-interpretation","notation":"Building point","or_src_id":1,"dmg_src_id":4,"cd_value":"Not Applicable"},"geometry":{"type":"Point","coordinates":[-77.00694337,3.88060778]}},{"type":"Feature","properties":{"obj_type":"11-Residential Buildings","name":"Unknown","info":"997-Not Applicable","simplified":"Residential","damage_gra":"Damaged","det_method":"Photo-interpretation","notation":"Building point","or_src_id":1,"dmg_src_id":4,"cd_value":"Not Applicable"},"geometry":{"type":"Point","coordinates":[-77.00971754,3.88109096]}},{"type":"Feature","properties":{"obj_type":"11-Residential Buildings","name":"Unknown","info":"997-Not Applicable","simplified":"Residential","damage_gra":"Possibly damaged","det_method":"Photo-interpretation","notation":"Building point","or_src_id":1,"dmg_src_id":4,"cd_value":"Not Applicable"},"geometry":{"type":"Point","coordinates":[-77.00597786,3.88248968]}},{"type":"Feature","properties":{"obj_type":"11-Residential Buildings","name":"Unknown","info":"997-Not Applicable","simplified":"Residential","damage_gra":"Damaged","det_method":"Photo-interpretation","notation":"Building point","or_src_id":1,"dmg_src_id":3,"cd_value":"Not Applicable"},"geometry":{"type":"Point","coordinates":[-77.0358207,3.87552426]}},{"type":"Feature","properties":{"obj_type":"11-Residential Buildings","name":"Unknown","info":"997-Not Applicable","simplified":"Residential","damage_gra":"Destroyed","det_method":"Photo-interpretation","notation":"Building point","or_src_id":1,"dmg_src_id":3,"cd_value":"Not Applicable"},"geometry":{"type":"Point","coordinates":[-77.03527695,3.87554998]}},{"type":"Feature","properties":{"obj_type":"11-Residential Buildings","name":"Unknown","info":"997-Not Applicable","simplified":"Residential","damage_gra":"Destroyed","det_method":"Photo-interpretation","notation":"Building point","or_src_id":1,"dmg_src_id":3,"cd_value":"Not Applicable"},"geometry":{"type":"Point","coordinates":[-77.03824284,3.877446]}},{"type":"Feature","properties":{"obj_type":"11-Residential Buildings","name":"Unknown","info":"997-Not Applicable","simplified":"Residential","damage_gra":"Damaged","det_method":"Photo-interpretation","notation":"Building point","or_src_id":1,"dmg_src_id":3,"cd_value":"Not Applicable"},"geometry":{"type":"Point","coordinates":[-77.0372866,3.87909432]}},{"type":"Feature","properties":{"obj_type":"11-Residential Buildings","name":"Unknown","info":"997-Not Applicable","simplified":"Residential","damage_gra":"Damaged","det_method":"Photo-interpretation","notation":"Building point","or_src_id":1,"dmg_src_id":3,"cd_value":"Not Applicable"},"geometry":{"type":"Point","coordinates":[-77.03932431,3.87978089]}},{"type":"Feature","properties":{"obj_type":"11-Residential Buildings","name":"Unknown","info":"997-Not Applicable","simplified":"Residential","damage_gra":"Destroyed","det_method":"Photo-interpretation","notation":"Building point","or_src_id":1,"dmg_src_id":3,"cd_value":"Not Applicable"},"geometry":{"type":"Point","coordinates":[-77.03932469,3.87978302]}},{"type":"Feature","properties":{"obj_type":"11-Residential Buildings","name":"Unknown","info":"997-Not Applicable","simplified":"Residential","damage_gra":"Damaged","det_method":"Photo-interpretation","notation":"Building point","or_src_id":1,"dmg_src_id":3,"cd_value":"Not Applicable"},"geometry":{"type":"Point","coordinates":[-77.03797936,3.87986414]}},{"type":"Feature","properties":{"obj_type":"11-Residential Buildings","name":"Unknown","info":"997-Not Applicable","simplified":"Residential","damage_gra":"Destroyed","det_method":"Photo-interpretation","notation":"Building point","or_src_id":1,"dmg_src_id":3,"cd_value":"Not Applicable"},"geometry":{"type":"Point","coordinates":[-77.03817819,3.88030954]}},{"type":"Feature","properties":{"obj_type":"11-Residential Buildings","name":"Unknown","info":"997-Not Applicable","simplified":"Residential","damage_gra":"Possibly damaged","det_method":"Photo-interpretation","notation":"Building point","or_src_id":1,"dmg_src_id":3,"cd_value":"Not Applicable"},"geometry":{"type":"Point","coordinates":[-77.03839883,3.88153023]}},{"type":"Feature","properties":{"obj_type":"11-Residential Buildings","name":"Unknown","info":"997-Not Applicable","simplified":"Residential","damage_gra":"Damaged","det_method":"Photo-interpretation","notation":"Building point","or_src_id":1,"dmg_src_id":3,"cd_value":"Not Applicable"},"geometry":{"type":"Point","coordinates":[-77.03962518,3.88170124]}},{"type":"Feature","properties":{"obj_type":"11-Residential Buildings","name":"Unknown","info":"997-Not Applicable","simplified":"Residential","damage_gra":"Damaged","det_method":"Photo-interpretation","notation":"Building point","or_src_id":1,"dmg_src_id":3,"cd_value":"Not Applicable"},"geometry":{"type":"Point","coordinates":[-77.02465815,3.8771237]}},{"type":"Feature","properties":{"obj_type":"11-Residential Buildings","name":"Unknown","info":"997-Not Applicable","simplified":"Residential","damage_gra":"Damaged","det_method":"Photo-interpretation","notation":"Building point","or_src_id":1,"dmg_src_id":3,"cd_value":"Not Applicable"},"geometry":{"type":"Point","coordinates":[-77.02193199,3.87985353]}},{"type":"Feature","properties":{"obj_type":"11-Residential Buildings","name":"Unknown","info":"997-Not Applicable","simplified":"Residential","damage_gra":"Destroyed","det_method":"Photo-interpretation","notation":"Building point","or_src_id":1,"dmg_src_id":3,"cd_value":"Not Applicable"},"geometry":{"type":"Point","coordinates":[-77.02472438,3.88029108]}},{"type":"Feature","properties":{"obj_type":"11-Residential Buildings","name":"Unknown","info":"997-Not Applicable","simplified":"Residential","damage_gra":"Destroyed","det_method":"Photo-interpretation","notation":"Building point","or_src_id":1,"dmg_src_id":3,"cd_value":"Not Applicable"},"geometry":{"type":"Point","coordinates":[-77.02473859,3.88053444]}},{"type":"Feature","properties":{"obj_type":"11-Residential Buildings","name":"Unknown","info":"997-Not Applicable","simplified":"Residential","damage_gra":"Destroyed","det_method":"Photo-interpretation","notation":"Building point","or_src_id":1,"dmg_src_id":3,"cd_value":"Not Applicable"},"geometry":{"type":"Point","coordinates":[-77.02419541,3.88075784]}},{"type":"Feature","properties":{"obj_type":"11-Residential Buildings","name":"Unknown","info":"997-Not Applicable","simplified":"Residential","damage_gra":"Destroyed","det_method":"Photo-interpretation","notation":"Building point","or_src_id":1,"dmg_src_id":3,"cd_value":"Not Applicable"},"geometry":{"type":"Point","coordinates":[-77.0291041,3.88233175]}},{"type":"Feature","properties":{"obj_type":"11-Residential Buildings","name":"Unknown","info":"997-Not Applicable","simplified":"Residential","damage_gra":"Damaged","det_method":"Photo-interpretation","notation":"Building point","or_src_id":1,"dmg_src_id":4,"cd_value":"Not Applicable"},"geometry":{"type":"Point","coordinates":[-77.01403622,3.88270075]}},{"type":"Feature","properties":{"obj_type":"11-Residential Buildings","name":"Unknown","info":"997-Not Applicable","simplified":"Residential","damage_gra":"Destroyed","det_method":"Photo-interpretation","notation":"Building point","or_src_id":1,"dmg_src_id":3,"cd_value":"Not Applicable"},"geometry":{"type":"Point","coordinates":[-77.03166385,3.88278505]}},{"type":"Feature","properties":{"obj_type":"11-Residential Buildings","name":"Unknown","info":"997-Not Applicable","simplified":"Residential","damage_gra":"Damaged","det_method":"Photo-interpretation","notation":"Building point","or_src_id":1,"dmg_src_id":3,"cd_value":"Not Applicable"},"geometry":{"type":"Point","coordinates":[-77.02620343,3.88298863]}},{"type":"Feature","properties":{"obj_type":"11-Residential Buildings","name":"Unknown","info":"997-Not Applicable","simplified":"Residential","damage_gra":"Damaged","det_method":"Photo-interpretation","notation":"Building point","or_src_id":1,"dmg_src_id":3,"cd_value":"Not Applicable"},"geometry":{"type":"Point","coordinates":[-77.03416691,3.88311596]}},{"type":"Feature","properties":{"obj_type":"11-Residential Buildings","name":"Unknown","info":"997-Not Applicable","simplified":"Residential","damage_gra":"Destroyed","det_method":"Photo-interpretation","notation":"Building point","or_src_id":1,"dmg_src_id":4,"cd_value":"Not Applicable"},"geometry":{"type":"Point","coordinates":[-77.00641707,3.88251169]}},{"type":"Feature","properties":{"obj_type":"11-Residential Buildings","name":"Unknown","info":"997-Not Applicable","simplified":"Residential","damage_gra":"Possibly damaged","det_method":"Photo-interpretation","notation":"Building point","or_src_id":1,"dmg_src_id":4,"cd_value":"Not Applicable"},"geometry":{"type":"Point","coordinates":[-77.00960826,3.88266142]}},{"type":"Feature","properties":{"obj_type":"11-Residential Buildings","name":"Unknown","info":"997-Not Applicable","simplified":"Residential","damage_gra":"Damaged","det_method":"Photo-interpretation","notation":"Building point","or_src_id":1,"dmg_src_id":4,"cd_value":"Not Applicable"},"geometry":{"type":"Point","coordinates":[-77.00677716,3.88280146]}},{"type":"Feature","properties":{"obj_type":"11-Residential Buildings","name":"Unknown","info":"997-Not Applicable","simplified":"Residential","damage_gra":"Damaged","det_method":"Photo-interpretation","notation":"Building point","or_src_id":1,"dmg_src_id":4,"cd_value":"Not Applicable"},"geometry":{"type":"Point","coordinates":[-77.0060139,3.88281048]}},{"type":"Feature","properties":{"obj_type":"11-Residential Buildings","name":"Unknown","info":"997-Not Applicable","simplified":"Residential","damage_gra":"Damaged","det_method":"Photo-interpretation","notation":"Building point","or_src_id":1,"dmg_src_id":4,"cd_value":"Not Applicable"},"geometry":{"type":"Point","coordinates":[-77.00674624,3.88284851]}},{"type":"Feature","properties":{"obj_type":"11-Residential Buildings","name":"Unknown","info":"997-Not Applicable","simplified":"Residential","damage_gra":"Possibly damaged","det_method":"Photo-interpretation","notation":"Building point","or_src_id":1,"dmg_src_id":4,"cd_value":"Not Applicable"},"geometry":{"type":"Point","coordinates":[-77.00696022,3.88285001]}},{"type":"Feature","properties":{"obj_type":"11-Residential Buildings","name":"Unknown","info":"997-Not Applicable","simplified":"Residential","damage_gra":"Destroyed","det_method":"Photo-interpretation","notation":"Building point","or_src_id":1,"dmg_src_id":4,"cd_value":"Not Applicable"},"geometry":{"type":"Point","coordinates":[-77.00671958,3.88295234]}},{"type":"Feature","properties":{"obj_type":"11-Residential Buildings","name":"Unknown","info":"997-Not Applicable","simplified":"Residential","damage_gra":"Damaged","det_method":"Photo-interpretation","notation":"Building point","or_src_id":1,"dmg_src_id":4,"cd_value":"Not Applicable"},"geometry":{"type":"Point","coordinates":[-77.00676392,3.88304509]}},{"type":"Feature","properties":{"obj_type":"11-Residential Buildings","name":"Unknown","info":"997-Not Applicable","simplified":"Residential","damage_gra":"Destroyed","det_method":"Photo-interpretation","notation":"Building point","or_src_id":1,"dmg_src_id":4,"cd_value":"Not Applicable"},"geometry":{"type":"Point","coordinates":[-77.00877177,3.88308158]}},{"type":"Feature","properties":{"obj_type":"11-Residential Buildings","name":"Unknown","info":"997-Not Applicable","simplified":"Residential","damage_gra":"Destroyed","det_method":"Photo-interpretation","notation":"Building point","or_src_id":1,"dmg_src_id":4,"cd_value":"Not Applicable"},"geometry":{"type":"Point","coordinates":[-77.00287746,3.88472941]}},{"type":"Feature","properties":{"obj_type":"11-Residential Buildings","name":"Unknown","info":"997-Not Applicable","simplified":"Residential","damage_gra":"Destroyed","det_method":"Photo-interpretation","notation":"Building point","or_src_id":1,"dmg_src_id":3,"cd_value":"Not Applicable"},"geometry":{"type":"Point","coordinates":[-77.06161206,3.87292835]}},{"type":"Feature","properties":{"obj_type":"11-Residential Buildings","name":"Unknown","info":"997-Not Applicable","simplified":"Residential","damage_gra":"Destroyed","det_method":"Photo-interpretation","notation":"Building point","or_src_id":1,"dmg_src_id":3,"cd_value":"Not Applicable"},"geometry":{"type":"Point","coordinates":[-77.06165957,3.87295261]}},{"type":"Feature","properties":{"obj_type":"11-Residential Buildings","name":"Unknown","info":"997-Not Applicable","simplified":"Residential","damage_gra":"Destroyed","det_method":"Photo-interpretation","notation":"Building point","or_src_id":1,"dmg_src_id":3,"cd_value":"Not Applicable"},"geometry":{"type":"Point","coordinates":[-77.06169379,3.87298474]}},{"type":"Feature","properties":{"obj_type":"11-Residential Buildings","name":"Unknown","info":"997-Not Applicable","simplified":"Residential","damage_gra":"Damaged","det_method":"Photo-interpretation","notation":"Building point","or_src_id":1,"dmg_src_id":3,"cd_value":"Not Applicable"},"geometry":{"type":"Point","coordinates":[-77.06163428,3.8731983]}},{"type":"Feature","properties":{"obj_type":"11-Residential Buildings","name":"Unknown","info":"997-Not Applicable","simplified":"Residential","damage_gra":"Possibly damaged","det_method":"Photo-interpretation","notation":"Building point","or_src_id":1,"dmg_src_id":3,"cd_value":"Not Applicable"},"geometry":{"type":"Point","coordinates":[-77.06180461,3.87331082]}},{"type":"Feature","properties":{"obj_type":"11-Residential Buildings","name":"Unknown","info":"997-Not Applicable","simplified":"Residential","damage_gra":"Damaged","det_method":"Photo-interpretation","notation":"Building point","or_src_id":1,"dmg_src_id":3,"cd_value":"Not Applicable"},"geometry":{"type":"Point","coordinates":[-77.06207818,3.87369404]}},{"type":"Feature","properties":{"obj_type":"11-Residential Buildings","name":"Unknown","info":"997-Not Applicable","simplified":"Residential","damage_gra":"Damaged","det_method":"Photo-interpretation","notation":"Building point","or_src_id":1,"dmg_src_id":3,"cd_value":"Not Applicable"},"geometry":{"type":"Point","coordinates":[-77.0617072,3.87395343]}},{"type":"Feature","properties":{"obj_type":"11-Residential Buildings","name":"Unknown","info":"997-Not Applicable","simplified":"Residential","damage_gra":"Destroyed","det_method":"Photo-interpretation","notation":"Building point","or_src_id":1,"dmg_src_id":3,"cd_value":"Not Applicable"},"geometry":{"type":"Point","coordinates":[-77.06105798,3.87395937]}},{"type":"Feature","properties":{"obj_type":"11-Residential Buildings","name":"Unknown","info":"997-Not Applicable","simplified":"Residential","damage_gra":"Destroyed","det_method":"Photo-interpretation","notation":"Building point","or_src_id":1,"dmg_src_id":3,"cd_value":"Not Applicable"},"geometry":{"type":"Point","coordinates":[-77.06197429,3.87402668]}},{"type":"Feature","properties":{"obj_type":"11-Residential Buildings","name":"Unknown","info":"997-Not Applicable","simplified":"Residential","damage_gra":"Damaged","det_method":"Photo-interpretation","notation":"Building point","or_src_id":1,"dmg_src_id":3,"cd_value":"Not Applicable"},"geometry":{"type":"Point","coordinates":[-77.06170026,3.87406648]}},{"type":"Feature","properties":{"obj_type":"11-Residential Buildings","name":"Unknown","info":"997-Not Applicable","simplified":"Residential","damage_gra":"Possibly damaged","det_method":"Photo-interpretation","notation":"Building point","or_src_id":1,"dmg_src_id":3,"cd_value":"Not Applicable"},"geometry":{"type":"Point","coordinates":[-77.06211681,3.87321798]}},{"type":"Feature","properties":{"obj_type":"11-Residential Buildings","name":"Unknown","info":"997-Not Applicable","simplified":"Residential","damage_gra":"Destroyed","det_method":"Photo-interpretation","notation":"Building point","or_src_id":1,"dmg_src_id":3,"cd_value":"Not Applicable"},"geometry":{"type":"Point","coordinates":[-77.06211016,3.8735322]}},{"type":"Feature","properties":{"obj_type":"11-Residential Buildings","name":"Unknown","info":"997-Not Applicable","simplified":"Residential","damage_gra":"Possibly damaged","det_method":"Photo-interpretation","notation":"Building point","or_src_id":1,"dmg_src_id":3,"cd_value":"Not Applicable"},"geometry":{"type":"Point","coordinates":[-77.0622973,3.87365392]}},{"type":"Feature","properties":{"obj_type":"11-Residential Buildings","name":"Unknown","info":"997-Not Applicable","simplified":"Residential","damage_gra":"Damaged","det_method":"Photo-interpretation","notation":"Building point","or_src_id":1,"dmg_src_id":3,"cd_value":"Not Applicable"},"geometry":{"type":"Point","coordinates":[-77.06314059,3.87366969]}},{"type":"Feature","properties":{"obj_type":"11-Residential Buildings","name":"Unknown","info":"997-Not Applicable","simplified":"Residential","damage_gra":"Possibly damaged","det_method":"Photo-interpretation","notation":"Building point","or_src_id":1,"dmg_src_id":3,"cd_value":"Not Applicable"},"geometry":{"type":"Point","coordinates":[-77.06261929,3.87368073]}},{"type":"Feature","properties":{"obj_type":"11-Residential Buildings","name":"Unknown","info":"997-Not Applicable","simplified":"Residential","damage_gra":"Destroyed","det_method":"Photo-interpretation","notation":"Building point","or_src_id":1,"dmg_src_id":3,"cd_value":"Not Applicable"},"geometry":{"type":"Point","coordinates":[-77.06314327,3.87372827]}},{"type":"Feature","properties":{"obj_type":"11-Residential Buildings","name":"Unknown","info":"997-Not Applicable","simplified":"Residential","damage_gra":"Destroyed","det_method":"Photo-interpretation","notation":"Building point","or_src_id":1,"dmg_src_id":3,"cd_value":"Not Applicable"},"geometry":{"type":"Point","coordinates":[-77.06267417,3.87376126]}},{"type":"Feature","properties":{"obj_type":"11-Residential Buildings","name":"Unknown","info":"997-Not Applicable","simplified":"Residential","damage_gra":"Damaged","det_method":"Photo-interpretation","notation":"Building point","or_src_id":1,"dmg_src_id":3,"cd_value":"Not Applicable"},"geometry":{"type":"Point","coordinates":[-77.06233827,3.87385969]}},{"type":"Feature","properties":{"obj_type":"11-Residential Buildings","name":"Unknown","info":"997-Not Applicable","simplified":"Residential","damage_gra":"Damaged","det_method":"Photo-interpretation","notation":"Building point","or_src_id":1,"dmg_src_id":3,"cd_value":"Not Applicable"},"geometry":{"type":"Point","coordinates":[-77.06322735,3.87388982]}},{"type":"Feature","properties":{"obj_type":"11-Residential Buildings","name":"Unknown","info":"997-Not Applicable","simplified":"Residential","damage_gra":"Damaged","det_method":"Photo-interpretation","notation":"Building point","or_src_id":1,"dmg_src_id":3,"cd_value":"Not Applicable"},"geometry":{"type":"Point","coordinates":[-77.06243088,3.87389859]}},{"type":"Feature","properties":{"obj_type":"11-Residential Buildings","name":"Unknown","info":"997-Not Applicable","simplified":"Residential","damage_gra":"Damaged","det_method":"Photo-interpretation","notation":"Building point","or_src_id":1,"dmg_src_id":3,"cd_value":"Not Applicable"},"geometry":{"type":"Point","coordinates":[-77.06219781,3.87393691]}},{"type":"Feature","properties":{"obj_type":"11-Residential Buildings","name":"Unknown","info":"997-Not Applicable","simplified":"Residential","damage_gra":"Damaged","det_method":"Photo-interpretation","notation":"Building point","or_src_id":1,"dmg_src_id":3,"cd_value":"Not Applicable"},"geometry":{"type":"Point","coordinates":[-77.0622993,3.87395449]}},{"type":"Feature","properties":{"obj_type":"11-Residential Buildings","name":"Unknown","info":"997-Not Applicable","simplified":"Residential","damage_gra":"Damaged","det_method":"Photo-interpretation","notation":"Building point","or_src_id":1,"dmg_src_id":3,"cd_value":"Not Applicable"},"geometry":{"type":"Point","coordinates":[-77.0626824,3.87401724]}},{"type":"Feature","properties":{"obj_type":"11-Residential Buildings","name":"Unknown","info":"997-Not Applicable","simplified":"Residential","damage_gra":"Destroyed","det_method":"Photo-interpretation","notation":"Building point","or_src_id":1,"dmg_src_id":3,"cd_value":"Not Applicable"},"geometry":{"type":"Point","coordinates":[-77.06277888,3.87406285]}},{"type":"Feature","properties":{"obj_type":"11-Residential Buildings","name":"Unknown","info":"997-Not Applicable","simplified":"Residential","damage_gra":"Possibly damaged","det_method":"Photo-interpretation","notation":"Building point","or_src_id":1,"dmg_src_id":3,"cd_value":"Not Applicable"},"geometry":{"type":"Point","coordinates":[-77.06245019,3.87408302]}},{"type":"Feature","properties":{"obj_type":"11-Residential Buildings","name":"Unknown","info":"997-Not Applicable","simplified":"Residential","damage_gra":"Damaged","det_method":"Photo-interpretation","notation":"Building point","or_src_id":1,"dmg_src_id":3,"cd_value":"Not Applicable"},"geometry":{"type":"Point","coordinates":[-77.06251273,3.87412082]}},{"type":"Feature","properties":{"obj_type":"11-Residential Buildings","name":"Unknown","info":"997-Not Applicable","simplified":"Residential","damage_gra":"Damaged","det_method":"Photo-interpretation","notation":"Building point","or_src_id":1,"dmg_src_id":3,"cd_value":"Not Applicable"},"geometry":{"type":"Point","coordinates":[-77.06257112,3.87414487]}},{"type":"Feature","properties":{"obj_type":"11-Residential Buildings","name":"Unknown","info":"997-Not Applicable","simplified":"Residential","damage_gra":"Destroyed","det_method":"Photo-interpretation","notation":"Building point","or_src_id":1,"dmg_src_id":3,"cd_value":"Not Applicable"},"geometry":{"type":"Point","coordinates":[-77.06209295,3.87417276]}},{"type":"Feature","properties":{"obj_type":"11-Residential Buildings","name":"Unknown","info":"997-Not Applicable","simplified":"Residential","damage_gra":"Possibly damaged","det_method":"Photo-interpretation","notation":"Building point","or_src_id":1,"dmg_src_id":3,"cd_value":"Not Applicable"},"geometry":{"type":"Point","coordinates":[-77.06234563,3.87423713]}},{"type":"Feature","properties":{"obj_type":"11-Residential Buildings","name":"Unknown","info":"997-Not Applicable","simplified":"Residential","damage_gra":"Damaged","det_method":"Photo-interpretation","notation":"Building point","or_src_id":1,"dmg_src_id":3,"cd_value":"Not Applicable"},"geometry":{"type":"Point","coordinates":[-77.06339692,3.87427149]}},{"type":"Feature","properties":{"obj_type":"11-Residential Buildings","name":"Unknown","info":"997-Not Applicable","simplified":"Residential","damage_gra":"Damaged","det_method":"Photo-interpretation","notation":"Building point","or_src_id":1,"dmg_src_id":3,"cd_value":"Not Applicable"},"geometry":{"type":"Point","coordinates":[-77.06141765,3.87413673]}},{"type":"Feature","properties":{"obj_type":"11-Residential Buildings","name":"Unknown","info":"997-Not Applicable","simplified":"Residential","damage_gra":"Destroyed","det_method":"Photo-interpretation","notation":"Building point","or_src_id":1,"dmg_src_id":3,"cd_value":"Not Applicable"},"geometry":{"type":"Point","coordinates":[-77.06123854,3.87420162]}},{"type":"Feature","properties":{"obj_type":"11-Residential Buildings","name":"Unknown","info":"997-Not Applicable","simplified":"Residential","damage_gra":"Destroyed","det_method":"Photo-interpretation","notation":"Building point","or_src_id":1,"dmg_src_id":3,"cd_value":"Not Applicable"},"geometry":{"type":"Point","coordinates":[-77.06172068,3.87432017]}},{"type":"Feature","properties":{"obj_type":"11-Residential Buildings","name":"Unknown","info":"997-Not Applicable","simplified":"Residential","damage_gra":"Destroyed","det_method":"Photo-interpretation","notation":"Building point","or_src_id":1,"dmg_src_id":3,"cd_value":"Not Applicable"},"geometry":{"type":"Point","coordinates":[-77.06121766,3.87440959]}},{"type":"Feature","properties":{"obj_type":"11-Residential Buildings","name":"Unknown","info":"997-Not Applicable","simplified":"Residential","damage_gra":"Damaged","det_method":"Photo-interpretation","notation":"Building point","or_src_id":1,"dmg_src_id":3,"cd_value":"Not Applicable"},"geometry":{"type":"Point","coordinates":[-77.0615156,3.87446077]}},{"type":"Feature","properties":{"obj_type":"11-Residential Buildings","name":"Unknown","info":"997-Not Applicable","simplified":"Residential","damage_gra":"Damaged","det_method":"Photo-interpretation","notation":"Building point","or_src_id":1,"dmg_src_id":3,"cd_value":"Not Applicable"},"geometry":{"type":"Point","coordinates":[-77.0612455,3.87446981]}},{"type":"Feature","properties":{"obj_type":"11-Residential Buildings","name":"Unknown","info":"997-Not Applicable","simplified":"Residential","damage_gra":"Destroyed","det_method":"Photo-interpretation","notation":"Building point","or_src_id":1,"dmg_src_id":3,"cd_value":"Not Applicable"},"geometry":{"type":"Point","coordinates":[-77.06159943,3.87452043]}},{"type":"Feature","properties":{"obj_type":"11-Residential Buildings","name":"Unknown","info":"997-Not Applicable","simplified":"Residential","damage_gra":"Destroyed","det_method":"Photo-interpretation","notation":"Building point","or_src_id":1,"dmg_src_id":3,"cd_value":"Not Applicable"},"geometry":{"type":"Point","coordinates":[-77.06166288,3.87453937]}},{"type":"Feature","properties":{"obj_type":"11-Residential Buildings","name":"Unknown","info":"997-Not Applicable","simplified":"Residential","damage_gra":"Damaged","det_method":"Photo-interpretation","notation":"Building point","or_src_id":1,"dmg_src_id":3,"cd_value":"Not Applicable"},"geometry":{"type":"Point","coordinates":[-77.06177226,3.87460248]}},{"type":"Feature","properties":{"obj_type":"11-Residential Buildings","name":"Unknown","info":"997-Not Applicable","simplified":"Residential","damage_gra":"Destroyed","det_method":"Photo-interpretation","notation":"Building point","or_src_id":1,"dmg_src_id":3,"cd_value":"Not Applicable"},"geometry":{"type":"Point","coordinates":[-77.0614667,3.87468072]}},{"type":"Feature","properties":{"obj_type":"11-Residential Buildings","name":"Unknown","info":"997-Not Applicable","simplified":"Residential","damage_gra":"Damaged","det_method":"Photo-interpretation","notation":"Building point","or_src_id":1,"dmg_src_id":3,"cd_value":"Not Applicable"},"geometry":{"type":"Point","coordinates":[-77.06396267,3.87435035]}},{"type":"Feature","properties":{"obj_type":"11-Residential Buildings","name":"Unknown","info":"997-Not Applicable","simplified":"Residential","damage_gra":"Damaged","det_method":"Photo-interpretation","notation":"Building point","or_src_id":1,"dmg_src_id":3,"cd_value":"Not Applicable"},"geometry":{"type":"Point","coordinates":[-77.06264275,3.8744007]}},{"type":"Feature","properties":{"obj_type":"11-Residential Buildings","name":"Unknown","info":"997-Not Applicable","simplified":"Residential","damage_gra":"Damaged","det_method":"Photo-interpretation","notation":"Building point","or_src_id":1,"dmg_src_id":3,"cd_value":"Not Applicable"},"geometry":{"type":"Point","coordinates":[-77.06393112,3.87441666]}},{"type":"Feature","properties":{"obj_type":"11-Residential Buildings","name":"Unknown","info":"997-Not Applicable","simplified":"Residential","damage_gra":"Destroyed","det_method":"Photo-interpretation","notation":"Building point","or_src_id":1,"dmg_src_id":3,"cd_value":"Not Applicable"},"geometry":{"type":"Point","coordinates":[-77.06208042,3.87468355]}},{"type":"Feature","properties":{"obj_type":"11-Residential Buildings","name":"Unknown","info":"997-Not Applicable","simplified":"Residential","damage_gra":"Damaged","det_method":"Photo-interpretation","notation":"Building point","or_src_id":1,"dmg_src_id":3,"cd_value":"Not Applicable"},"geometry":{"type":"Point","coordinates":[-77.06238854,3.87519598]}},{"type":"Feature","properties":{"obj_type":"11-Residential Buildings","name":"Unknown","info":"997-Not Applicable","simplified":"Residential","damage_gra":"Possibly damaged","det_method":"Photo-interpretation","notation":"Building point","or_src_id":1,"dmg_src_id":3,"cd_value":"Not Applicable"},"geometry":{"type":"Point","coordinates":[-77.06497459,3.87545583]}},{"type":"Feature","properties":{"obj_type":"11-Residential Buildings","name":"Unknown","info":"997-Not Applicable","simplified":"Residential","damage_gra":"Destroyed","det_method":"Photo-interpretation","notation":"Building point","or_src_id":1,"dmg_src_id":3,"cd_value":"Not Applicable"},"geometry":{"type":"Point","coordinates":[-77.06446439,3.87562772]}},{"type":"Feature","properties":{"obj_type":"11-Residential Buildings","name":"Unknown","info":"997-Not Applicable","simplified":"Residential","damage_gra":"Damaged","det_method":"Photo-interpretation","notation":"Building point","or_src_id":1,"dmg_src_id":3,"cd_value":"Not Applicable"},"geometry":{"type":"Point","coordinates":[-77.06358613,3.87594969]}},{"type":"Feature","properties":{"obj_type":"11-Residential Buildings","name":"Unknown","info":"997-Not Applicable","simplified":"Residential","damage_gra":"Damaged","det_method":"Photo-interpretation","notation":"Building point","or_src_id":1,"dmg_src_id":3,"cd_value":"Not Applicable"},"geometry":{"type":"Point","coordinates":[-77.06492375,3.87639198]}},{"type":"Feature","properties":{"obj_type":"11-Residential Buildings","name":"Unknown","info":"997-Not Applicable","simplified":"Residential","damage_gra":"Destroyed","det_method":"Photo-interpretation","notation":"Building point","or_src_id":1,"dmg_src_id":3,"cd_value":"Not Applicable"},"geometry":{"type":"Point","coordinates":[-77.06453526,3.87673192]}},{"type":"Feature","properties":{"obj_type":"11-Residential Buildings","name":"Unknown","info":"997-Not Applicable","simplified":"Residential","damage_gra":"Damaged","det_method":"Photo-interpretation","notation":"Building point","or_src_id":1,"dmg_src_id":3,"cd_value":"Not Applicable"},"geometry":{"type":"Point","coordinates":[-77.06188194,3.87493239]}},{"type":"Feature","properties":{"obj_type":"11-Residential Buildings","name":"Unknown","info":"997-Not Applicable","simplified":"Residential","damage_gra":"Damaged","det_method":"Photo-interpretation","notation":"Building point","or_src_id":1,"dmg_src_id":3,"cd_value":"Not Applicable"},"geometry":{"type":"Point","coordinates":[-77.06198292,3.87498391]}},{"type":"Feature","properties":{"obj_type":"11-Residential Buildings","name":"Unknown","info":"997-Not Applicable","simplified":"Residential","damage_gra":"Destroyed","det_method":"Photo-interpretation","notation":"Building point","or_src_id":1,"dmg_src_id":3,"cd_value":"Not Applicable"},"geometry":{"type":"Point","coordinates":[-77.05983999,3.87567793]}},{"type":"Feature","properties":{"obj_type":"11-Residential Buildings","name":"Unknown","info":"997-Not Applicable","simplified":"Residential","damage_gra":"Damaged","det_method":"Photo-interpretation","notation":"Building point","or_src_id":1,"dmg_src_id":3,"cd_value":"Not Applicable"},"geometry":{"type":"Point","coordinates":[-77.06047043,3.87574647]}},{"type":"Feature","properties":{"obj_type":"11-Residential Buildings","name":"Unknown","info":"997-Not Applicable","simplified":"Residential","damage_gra":"Possibly damaged","det_method":"Photo-interpretation","notation":"Building point","or_src_id":1,"dmg_src_id":3,"cd_value":"Not Applicable"},"geometry":{"type":"Point","coordinates":[-77.06040024,3.87585008]}},{"type":"Feature","properties":{"obj_type":"11-Residential Buildings","name":"Unknown","info":"997-Not Applicable","simplified":"Residential","damage_gra":"Destroyed","det_method":"Photo-interpretation","notation":"Building point","or_src_id":1,"dmg_src_id":3,"cd_value":"Not Applicable"},"geometry":{"type":"Point","coordinates":[-77.06084099,3.87596304]}},{"type":"Feature","properties":{"obj_type":"11-Residential Buildings","name":"Unknown","info":"997-Not Applicable","simplified":"Residential","damage_gra":"Possibly damaged","det_method":"Photo-interpretation","notation":"Building point","or_src_id":1,"dmg_src_id":3,"cd_value":"Not Applicable"},"geometry":{"type":"Point","coordinates":[-77.06040466,3.87600168]}},{"type":"Feature","properties":{"obj_type":"11-Residential Buildings","name":"Unknown","info":"997-Not Applicable","simplified":"Residential","damage_gra":"Damaged","det_method":"Photo-interpretation","notation":"Building point","or_src_id":1,"dmg_src_id":3,"cd_value":"Not Applicable"},"geometry":{"type":"Point","coordinates":[-77.06151812,3.87602479]}},{"type":"Feature","properties":{"obj_type":"11-Residential Buildings","name":"Unknown","info":"997-Not Applicable","simplified":"Residential","damage_gra":"Damaged","det_method":"Photo-interpretation","notation":"Building point","or_src_id":1,"dmg_src_id":3,"cd_value":"Not Applicable"},"geometry":{"type":"Point","coordinates":[-77.05998025,3.87656526]}},{"type":"Feature","properties":{"obj_type":"11-Residential Buildings","name":"Unknown","info":"997-Not Applicable","simplified":"Residential","damage_gra":"Destroyed","det_method":"Photo-interpretation","notation":"Building point","or_src_id":1,"dmg_src_id":3,"cd_value":"Not Applicable"},"geometry":{"type":"Point","coordinates":[-77.06003758,3.87676549]}},{"type":"Feature","properties":{"obj_type":"11-Residential Buildings","name":"Unknown","info":"997-Not Applicable","simplified":"Residential","damage_gra":"Damaged","det_method":"Photo-interpretation","notation":"Building point","or_src_id":1,"dmg_src_id":3,"cd_value":"Not Applicable"},"geometry":{"type":"Point","coordinates":[-77.05960511,3.87595464]}},{"type":"Feature","properties":{"obj_type":"11-Residential Buildings","name":"Unknown","info":"997-Not Applicable","simplified":"Residential","damage_gra":"Damaged","det_method":"Photo-interpretation","notation":"Building point","or_src_id":1,"dmg_src_id":3,"cd_value":"Not Applicable"},"geometry":{"type":"Point","coordinates":[-77.05891306,3.87602855]}},{"type":"Feature","properties":{"obj_type":"11-Residential Buildings","name":"Unknown","info":"997-Not Applicable","simplified":"Residential","damage_gra":"Destroyed","det_method":"Photo-interpretation","notation":"Building point","or_src_id":1,"dmg_src_id":3,"cd_value":"Not Applicable"},"geometry":{"type":"Point","coordinates":[-77.05896964,3.87604956]}},{"type":"Feature","properties":{"obj_type":"11-Residential Buildings","name":"Unknown","info":"997-Not Applicable","simplified":"Residential","damage_gra":"Damaged","det_method":"Photo-interpretation","notation":"Building point","or_src_id":1,"dmg_src_id":3,"cd_value":"Not Applicable"},"geometry":{"type":"Point","coordinates":[-77.05935092,3.87618309]}},{"type":"Feature","properties":{"obj_type":"11-Residential Buildings","name":"Unknown","info":"997-Not Applicable","simplified":"Residential","damage_gra":"Destroyed","det_method":"Photo-interpretation","notation":"Building point","or_src_id":1,"dmg_src_id":3,"cd_value":"Not Applicable"},"geometry":{"type":"Point","coordinates":[-77.05955202,3.87687165]}},{"type":"Feature","properties":{"obj_type":"11-Residential Buildings","name":"Unknown","info":"997-Not Applicable","simplified":"Residential","damage_gra":"Destroyed","det_method":"Photo-interpretation","notation":"Building point","or_src_id":1,"dmg_src_id":3,"cd_value":"Not Applicable"},"geometry":{"type":"Point","coordinates":[-77.05954719,3.87693278]}},{"type":"Feature","properties":{"obj_type":"11-Residential Buildings","name":"Unknown","info":"997-Not Applicable","simplified":"Residential","damage_gra":"Destroyed","det_method":"Photo-interpretation","notation":"Building point","or_src_id":1,"dmg_src_id":3,"cd_value":"Not Applicable"},"geometry":{"type":"Point","coordinates":[-77.05954719,3.87701001]}},{"type":"Feature","properties":{"obj_type":"11-Residential Buildings","name":"Unknown","info":"997-Not Applicable","simplified":"Residential","damage_gra":"Destroyed","det_method":"Photo-interpretation","notation":"Building point","or_src_id":1,"dmg_src_id":3,"cd_value":"Not Applicable"},"geometry":{"type":"Point","coordinates":[-77.05954719,3.87706471]}},{"type":"Feature","properties":{"obj_type":"11-Residential Buildings","name":"Unknown","info":"997-Not Applicable","simplified":"Residential","damage_gra":"Destroyed","det_method":"Photo-interpretation","notation":"Building point","or_src_id":1,"dmg_src_id":3,"cd_value":"Not Applicable"},"geometry":{"type":"Point","coordinates":[-77.05953593,3.87712262]}},{"type":"Feature","properties":{"obj_type":"11-Residential Buildings","name":"Unknown","info":"997-Not Applicable","simplified":"Residential","damage_gra":"Destroyed","det_method":"Photo-interpretation","notation":"Building point","or_src_id":1,"dmg_src_id":3,"cd_value":"Not Applicable"},"geometry":{"type":"Point","coordinates":[-77.0594571,3.87734624]}},{"type":"Feature","properties":{"obj_type":"11-Residential Buildings","name":"Unknown","info":"997-Not Applicable","simplified":"Residential","damage_gra":"Destroyed","det_method":"Photo-interpretation","notation":"Building point","or_src_id":1,"dmg_src_id":3,"cd_value":"Not Applicable"},"geometry":{"type":"Point","coordinates":[-77.05972738,3.87677673]}},{"type":"Feature","properties":{"obj_type":"11-Residential Buildings","name":"Unknown","info":"997-Not Applicable","simplified":"Residential","damage_gra":"Damaged","det_method":"Photo-interpretation","notation":"Building point","or_src_id":1,"dmg_src_id":3,"cd_value":"Not Applicable"},"geometry":{"type":"Point","coordinates":[-77.06007285,3.87706541]}},{"type":"Feature","properties":{"obj_type":"11-Residential Buildings","name":"Unknown","info":"997-Not Applicable","simplified":"Residential","damage_gra":"Possibly damaged","det_method":"Photo-interpretation","notation":"Building point","or_src_id":1,"dmg_src_id":3,"cd_value":"Not Applicable"},"geometry":{"type":"Point","coordinates":[-77.06015004,3.87718276]}},{"type":"Feature","properties":{"obj_type":"11-Residential Buildings","name":"Unknown","info":"997-Not Applicable","simplified":"Residential","damage_gra":"Destroyed","det_method":"Photo-interpretation","notation":"Building point","or_src_id":1,"dmg_src_id":3,"cd_value":"Not Applicable"},"geometry":{"type":"Point","coordinates":[-77.05975312,3.87728994]}},{"type":"Feature","properties":{"obj_type":"11-Residential Buildings","name":"Unknown","info":"997-Not Applicable","simplified":"Residential","damage_gra":"Damaged","det_method":"Photo-interpretation","notation":"Building point","or_src_id":1,"dmg_src_id":3,"cd_value":"Not Applicable"},"geometry":{"type":"Point","coordinates":[-77.05999303,3.8773609]}},{"type":"Feature","properties":{"obj_type":"11-Residential Buildings","name":"Unknown","info":"997-Not Applicable","simplified":"Residential","damage_gra":"Destroyed","det_method":"Photo-interpretation","notation":"Building point","or_src_id":1,"dmg_src_id":3,"cd_value":"Not Applicable"},"geometry":{"type":"Point","coordinates":[-77.06109449,3.87763484]}},{"type":"Feature","properties":{"obj_type":"11-Residential Buildings","name":"Unknown","info":"997-Not Applicable","simplified":"Residential","damage_gra":"Possibly damaged","det_method":"Photo-interpretation","notation":"Building point","or_src_id":1,"dmg_src_id":3,"cd_value":"Not Applicable"},"geometry":{"type":"Point","coordinates":[-77.06073452,3.87775419]}},{"type":"Feature","properties":{"obj_type":"11-Residential Buildings","name":"Unknown","info":"997-Not Applicable","simplified":"Residential","damage_gra":"Damaged","det_method":"Photo-interpretation","notation":"Building point","or_src_id":1,"dmg_src_id":3,"cd_value":"Not Applicable"},"geometry":{"type":"Point","coordinates":[-77.06117533,3.87790057]}},{"type":"Feature","properties":{"obj_type":"11-Residential Buildings","name":"Unknown","info":"997-Not Applicable","simplified":"Residential","damage_gra":"Damaged","det_method":"Photo-interpretation","notation":"Building point","or_src_id":1,"dmg_src_id":3,"cd_value":"Not Applicable"},"geometry":{"type":"Point","coordinates":[-77.06104954,3.87828986]}},{"type":"Feature","properties":{"obj_type":"11-Residential Buildings","name":"Unknown","info":"997-Not Applicable","simplified":"Residential","damage_gra":"Destroyed","det_method":"Photo-interpretation","notation":"Building point","or_src_id":1,"dmg_src_id":3,"cd_value":"Not Applicable"},"geometry":{"type":"Point","coordinates":[-77.06004587,3.87842512]}},{"type":"Feature","properties":{"obj_type":"11-Residential Buildings","name":"Unknown","info":"997-Not Applicable","simplified":"Residential","damage_gra":"Damaged","det_method":"Photo-interpretation","notation":"Building point","or_src_id":1,"dmg_src_id":3,"cd_value":"Not Applicable"},"geometry":{"type":"Point","coordinates":[-77.06408441,3.87696992]}},{"type":"Feature","properties":{"obj_type":"11-Residential Buildings","name":"Unknown","info":"997-Not Applicable","simplified":"Residential","damage_gra":"Possibly damaged","det_method":"Photo-interpretation","notation":"Building point","or_src_id":1,"dmg_src_id":3,"cd_value":"Not Applicable"},"geometry":{"type":"Point","coordinates":[-77.06351692,3.87773804]}},{"type":"Feature","properties":{"obj_type":"11-Residential Buildings","name":"Unknown","info":"997-Not Applicable","simplified":"Residential","damage_gra":"Possibly damaged","det_method":"Photo-interpretation","notation":"Building point","or_src_id":1,"dmg_src_id":3,"cd_value":"Not Applicable"},"geometry":{"type":"Point","coordinates":[-77.06650033,3.87812938]}},{"type":"Feature","properties":{"obj_type":"11-Residential Buildings","name":"Unknown","info":"997-Not Applicable","simplified":"Residential","damage_gra":"Possibly damaged","det_method":"Photo-interpretation","notation":"Building point","or_src_id":1,"dmg_src_id":3,"cd_value":"Not Applicable"},"geometry":{"type":"Point","coordinates":[-77.06286999,3.87877734]}},{"type":"Feature","properties":{"obj_type":"11-Residential Buildings","name":"Unknown","info":"997-Not Applicable","simplified":"Residential","damage_gra":"Damaged","det_method":"Photo-interpretation","notation":"Building point","or_src_id":1,"dmg_src_id":3,"cd_value":"Not Applicable"},"geometry":{"type":"Point","coordinates":[-77.06310152,3.87895882]}},{"type":"Feature","properties":{"obj_type":"11-Residential Buildings","name":"Unknown","info":"997-Not Applicable","simplified":"Residential","damage_gra":"Damaged","det_method":"Photo-interpretation","notation":"Building point","or_src_id":1,"dmg_src_id":3,"cd_value":"Not Applicable"},"geometry":{"type":"Point","coordinates":[-77.06516678,3.87935407]}},{"type":"Feature","properties":{"obj_type":"11-Residential Buildings","name":"Unknown","info":"997-Not Applicable","simplified":"Residential","damage_gra":"Damaged","det_method":"Photo-interpretation","notation":"Building point","or_src_id":1,"dmg_src_id":3,"cd_value":"Not Applicable"},"geometry":{"type":"Point","coordinates":[-77.06990772,3.87974872]}},{"type":"Feature","properties":{"obj_type":"11-Residential Buildings","name":"Unknown","info":"997-Not Applicable","simplified":"Residential","damage_gra":"Destroyed","det_method":"Photo-interpretation","notation":"Building point","or_src_id":1,"dmg_src_id":3,"cd_value":"Not Applicable"},"geometry":{"type":"Point","coordinates":[-77.06491242,3.88009213]}},{"type":"Feature","properties":{"obj_type":"11-Residential Buildings","name":"Unknown","info":"997-Not Applicable","simplified":"Residential","damage_gra":"Damaged","det_method":"Photo-interpretation","notation":"Building point","or_src_id":1,"dmg_src_id":3,"cd_value":"Not Applicable"},"geometry":{"type":"Point","coordinates":[-77.07005065,3.88012282]}},{"type":"Feature","properties":{"obj_type":"11-Residential Buildings","name":"Unknown","info":"997-Not Applicable","simplified":"Residential","damage_gra":"Damaged","det_method":"Photo-interpretation","notation":"Building point","or_src_id":1,"dmg_src_id":3,"cd_value":"Not Applicable"},"geometry":{"type":"Point","coordinates":[-77.06694135,3.88063227]}},{"type":"Feature","properties":{"obj_type":"11-Residential Buildings","name":"Unknown","info":"997-Not Applicable","simplified":"Residential","damage_gra":"Destroyed","det_method":"Photo-interpretation","notation":"Building point","or_src_id":1,"dmg_src_id":3,"cd_value":"Not Applicable"},"geometry":{"type":"Point","coordinates":[-77.0585964,3.87785945]}},{"type":"Feature","properties":{"obj_type":"11-Residential Buildings","name":"Unknown","info":"997-Not Applicable","simplified":"Residential","damage_gra":"Destroyed","det_method":"Photo-interpretation","notation":"Building point","or_src_id":1,"dmg_src_id":3,"cd_value":"Not Applicable"},"geometry":{"type":"Point","coordinates":[-77.05821511,3.87789002]}},{"type":"Feature","properties":{"obj_type":"11-Residential Buildings","name":"Unknown","info":"997-Not Applicable","simplified":"Residential","damage_gra":"Destroyed","det_method":"Photo-interpretation","notation":"Building point","or_src_id":1,"dmg_src_id":3,"cd_value":"Not Applicable"},"geometry":{"type":"Point","coordinates":[-77.05857226,3.87789806]}},{"type":"Feature","properties":{"obj_type":"11-Residential Buildings","name":"Unknown","info":"997-Not Applicable","simplified":"Residential","damage_gra":"Destroyed","det_method":"Photo-interpretation","notation":"Building point","or_src_id":1,"dmg_src_id":3,"cd_value":"Not Applicable"},"geometry":{"type":"Point","coordinates":[-77.05854813,3.87794793]}},{"type":"Feature","properties":{"obj_type":"11-Residential Buildings","name":"Unknown","info":"997-Not Applicable","simplified":"Residential","damage_gra":"Destroyed","det_method":"Photo-interpretation","notation":"Building point","or_src_id":1,"dmg_src_id":3,"cd_value":"Not Applicable"},"geometry":{"type":"Point","coordinates":[-77.05853204,3.87798494]}},{"type":"Feature","properties":{"obj_type":"11-Residential Buildings","name":"Unknown","info":"997-Not Applicable","simplified":"Residential","damage_gra":"Destroyed","det_method":"Photo-interpretation","notation":"Building point","or_src_id":1,"dmg_src_id":3,"cd_value":"Not Applicable"},"geometry":{"type":"Point","coordinates":[-77.05848056,3.87801068]}},{"type":"Feature","properties":{"obj_type":"11-Residential Buildings","name":"Unknown","info":"997-Not Applicable","simplified":"Residential","damage_gra":"Destroyed","det_method":"Photo-interpretation","notation":"Building point","or_src_id":1,"dmg_src_id":3,"cd_value":"Not Applicable"},"geometry":{"type":"Point","coordinates":[-77.05847574,3.87805411]}},{"type":"Feature","properties":{"obj_type":"11-Residential Buildings","name":"Unknown","info":"997-Not Applicable","simplified":"Residential","damage_gra":"Damaged","det_method":"Photo-interpretation","notation":"Building point","or_src_id":1,"dmg_src_id":3,"cd_value":"Not Applicable"},"geometry":{"type":"Point","coordinates":[-77.05926404,3.87818604]}},{"type":"Feature","properties":{"obj_type":"11-Residential Buildings","name":"Unknown","info":"997-Not Applicable","simplified":"Residential","damage_gra":"Destroyed","det_method":"Photo-interpretation","notation":"Building point","or_src_id":1,"dmg_src_id":3,"cd_value":"Not Applicable"},"geometry":{"type":"Point","coordinates":[-77.05907582,3.87858019]}},{"type":"Feature","properties":{"obj_type":"11-Residential Buildings","name":"Unknown","info":"997-Not Applicable","simplified":"Residential","damage_gra":"Damaged","det_method":"Photo-interpretation","notation":"Building point","or_src_id":1,"dmg_src_id":3,"cd_value":"Not Applicable"},"geometry":{"type":"Point","coordinates":[-77.05849095,3.87975959]}},{"type":"Feature","properties":{"obj_type":"11-Residential Buildings","name":"Unknown","info":"997-Not Applicable","simplified":"Residential","damage_gra":"Damaged","det_method":"Photo-interpretation","notation":"Building point","or_src_id":1,"dmg_src_id":3,"cd_value":"Not Applicable"},"geometry":{"type":"Point","coordinates":[-77.06081341,3.87982323]}},{"type":"Feature","properties":{"obj_type":"11-Residential Buildings","name":"Unknown","info":"997-Not Applicable","simplified":"Residential","damage_gra":"Destroyed","det_method":"Photo-interpretation","notation":"Building point","or_src_id":1,"dmg_src_id":3,"cd_value":"Not Applicable"},"geometry":{"type":"Point","coordinates":[-77.05999463,3.8799019]}},{"type":"Feature","properties":{"obj_type":"11-Residential Buildings","name":"Unknown","info":"997-Not Applicable","simplified":"Residential","damage_gra":"Damaged","det_method":"Photo-interpretation","notation":"Building point","or_src_id":1,"dmg_src_id":3,"cd_value":"Not Applicable"},"geometry":{"type":"Point","coordinates":[-77.06030257,3.8802516]}},{"type":"Feature","properties":{"obj_type":"11-Residential Buildings","name":"Unknown","info":"997-Not Applicable","simplified":"Residential","damage_gra":"Damaged","det_method":"Photo-interpretation","notation":"Building point","or_src_id":1,"dmg_src_id":3,"cd_value":"Not Applicable"},"geometry":{"type":"Point","coordinates":[-77.06175434,3.88035713]}},{"type":"Feature","properties":{"obj_type":"11-Residential Buildings","name":"Unknown","info":"997-Not Applicable","simplified":"Residential","damage_gra":"Destroyed","det_method":"Photo-interpretation","notation":"Building point","or_src_id":1,"dmg_src_id":3,"cd_value":"Not Applicable"},"geometry":{"type":"Point","coordinates":[-77.05971369,3.88041123]}},{"type":"Feature","properties":{"obj_type":"11-Residential Buildings","name":"Unknown","info":"997-Not Applicable","simplified":"Residential","damage_gra":"Destroyed","det_method":"Photo-interpretation","notation":"Building point","or_src_id":1,"dmg_src_id":3,"cd_value":"Not Applicable"},"geometry":{"type":"Point","coordinates":[-77.05988575,3.88044234]}},{"type":"Feature","properties":{"obj_type":"11-Residential Buildings","name":"Unknown","info":"997-Not Applicable","simplified":"Residential","damage_gra":"Damaged","det_method":"Photo-interpretation","notation":"Building point","or_src_id":1,"dmg_src_id":3,"cd_value":"Not Applicable"},"geometry":{"type":"Point","coordinates":[-77.06035007,3.88053472]}},{"type":"Feature","properties":{"obj_type":"11-Residential Buildings","name":"Unknown","info":"997-Not Applicable","simplified":"Residential","damage_gra":"Possibly damaged","det_method":"Photo-interpretation","notation":"Building point","or_src_id":1,"dmg_src_id":3,"cd_value":"Not Applicable"},"geometry":{"type":"Point","coordinates":[-77.05989472,3.88070721]}},{"type":"Feature","properties":{"obj_type":"11-Residential Buildings","name":"Unknown","info":"997-Not Applicable","simplified":"Residential","damage_gra":"Damaged","det_method":"Photo-interpretation","notation":"Building point","or_src_id":1,"dmg_src_id":3,"cd_value":"Not Applicable"},"geometry":{"type":"Point","coordinates":[-77.06189464,3.88100864]}},{"type":"Feature","properties":{"obj_type":"11-Residential Buildings","name":"Unknown","info":"997-Not Applicable","simplified":"Residential","damage_gra":"Destroyed","det_method":"Photo-interpretation","notation":"Building point","or_src_id":1,"dmg_src_id":3,"cd_value":"Not Applicable"},"geometry":{"type":"Point","coordinates":[-77.0596844,3.88105554]}},{"type":"Feature","properties":{"obj_type":"11-Residential Buildings","name":"Unknown","info":"997-Not Applicable","simplified":"Residential","damage_gra":"Destroyed","det_method":"Photo-interpretation","notation":"Building point","or_src_id":1,"dmg_src_id":3,"cd_value":"Not Applicable"},"geometry":{"type":"Point","coordinates":[-77.05856234,3.88010371]}},{"type":"Feature","properties":{"obj_type":"11-Residential Buildings","name":"Unknown","info":"997-Not Applicable","simplified":"Residential","damage_gra":"Destroyed","det_method":"Photo-interpretation","notation":"Building point","or_src_id":1,"dmg_src_id":3,"cd_value":"Not Applicable"},"geometry":{"type":"Point","coordinates":[-77.05958922,3.88026479]}},{"type":"Feature","properties":{"obj_type":"11-Residential Buildings","name":"Unknown","info":"997-Not Applicable","simplified":"Residential","damage_gra":"Damaged","det_method":"Photo-interpretation","notation":"Building point","or_src_id":1,"dmg_src_id":3,"cd_value":"Not Applicable"},"geometry":{"type":"Point","coordinates":[-77.05898883,3.88060891]}},{"type":"Feature","properties":{"obj_type":"11-Residential Buildings","name":"Unknown","info":"997-Not Applicable","simplified":"Residential","damage_gra":"Damaged","det_method":"Photo-interpretation","notation":"Building point","or_src_id":1,"dmg_src_id":3,"cd_value":"Not Applicable"},"geometry":{"type":"Point","coordinates":[-77.05898767,3.88096858]}},{"type":"Feature","properties":{"obj_type":"11-Residential Buildings","name":"Unknown","info":"997-Not Applicable","simplified":"Residential","damage_gra":"Destroyed","det_method":"Photo-interpretation","notation":"Building point","or_src_id":1,"dmg_src_id":3,"cd_value":"Not Applicable"},"geometry":{"type":"Point","coordinates":[-77.05951417,3.88101894]}},{"type":"Feature","properties":{"obj_type":"11-Residential Buildings","name":"Unknown","info":"997-Not Applicable","simplified":"Residential","damage_gra":"Damaged","det_method":"Photo-interpretation","notation":"Building point","or_src_id":1,"dmg_src_id":3,"cd_value":"Not Applicable"},"geometry":{"type":"Point","coordinates":[-77.05964963,3.88126055]}},{"type":"Feature","properties":{"obj_type":"11-Residential Buildings","name":"Unknown","info":"997-Not Applicable","simplified":"Residential","damage_gra":"Damaged","det_method":"Photo-interpretation","notation":"Building point","or_src_id":1,"dmg_src_id":3,"cd_value":"Not Applicable"},"geometry":{"type":"Point","coordinates":[-77.058987,3.88212819]}},{"type":"Feature","properties":{"obj_type":"11-Residential Buildings","name":"Unknown","info":"997-Not Applicable","simplified":"Residential","damage_gra":"Damaged","det_method":"Photo-interpretation","notation":"Building point","or_src_id":1,"dmg_src_id":3,"cd_value":"Not Applicable"},"geometry":{"type":"Point","coordinates":[-77.05880945,3.88214283]}},{"type":"Feature","properties":{"obj_type":"11-Residential Buildings","name":"Unknown","info":"997-Not Applicable","simplified":"Residential","damage_gra":"Possibly damaged","det_method":"Photo-interpretation","notation":"Building point","or_src_id":1,"dmg_src_id":3,"cd_value":"Not Applicable"},"geometry":{"type":"Point","coordinates":[-77.05739634,3.88248879]}},{"type":"Feature","properties":{"obj_type":"11-Residential Buildings","name":"Unknown","info":"997-Not Applicable","simplified":"Residential","damage_gra":"Damaged","det_method":"Photo-interpretation","notation":"Building point","or_src_id":1,"dmg_src_id":3,"cd_value":"Not Applicable"},"geometry":{"type":"Point","coordinates":[-77.05849095,3.88260044]}},{"type":"Feature","properties":{"obj_type":"11-Residential Buildings","name":"Unknown","info":"997-Not Applicable","simplified":"Residential","damage_gra":"Damaged","det_method":"Photo-interpretation","notation":"Building point","or_src_id":1,"dmg_src_id":3,"cd_value":"Not Applicable"},"geometry":{"type":"Point","coordinates":[-77.05862091,3.88261875]}},{"type":"Feature","properties":{"obj_type":"11-Residential Buildings","name":"Unknown","info":"997-Not Applicable","simplified":"Residential","damage_gra":"Destroyed","det_method":"Photo-interpretation","notation":"Building point","or_src_id":1,"dmg_src_id":3,"cd_value":"Not Applicable"},"geometry":{"type":"Point","coordinates":[-77.05152896,3.88340657]}},{"type":"Feature","properties":{"obj_type":"11-Residential Buildings","name":"Unknown","info":"997-Not Applicable","simplified":"Residential","damage_gra":"Damaged","det_method":"Photo-interpretation","notation":"Building point","or_src_id":1,"dmg_src_id":3,"cd_value":"Not Applicable"},"geometry":{"type":"Point","coordinates":[-77.04793852,3.88381289]}},{"type":"Feature","properties":{"obj_type":"11-Residential Buildings","name":"Unknown","info":"997-Not Applicable","simplified":"Residential","damage_gra":"Damaged","det_method":"Photo-interpretation","notation":"Building point","or_src_id":1,"dmg_src_id":3,"cd_value":"Not Applicable"},"geometry":{"type":"Point","coordinates":[-77.05247204,3.88404454]}},{"type":"Feature","properties":{"obj_type":"11-Residential Buildings","name":"Unknown","info":"997-Not Applicable","simplified":"Residential","damage_gra":"Damaged","det_method":"Photo-interpretation","notation":"Building point","or_src_id":1,"dmg_src_id":3,"cd_value":"Not Applicable"},"geometry":{"type":"Point","coordinates":[-77.05258437,3.88404866]}},{"type":"Feature","properties":{"obj_type":"11-Residential Buildings","name":"Unknown","info":"997-Not Applicable","simplified":"Residential","damage_gra":"Damaged","det_method":"Photo-interpretation","notation":"Building point","or_src_id":1,"dmg_src_id":3,"cd_value":"Not Applicable"},"geometry":{"type":"Point","coordinates":[-77.05211135,3.88415788]}},{"type":"Feature","properties":{"obj_type":"11-Residential Buildings","name":"Unknown","info":"997-Not Applicable","simplified":"Residential","damage_gra":"Destroyed","det_method":"Photo-interpretation","notation":"Building point","or_src_id":1,"dmg_src_id":3,"cd_value":"Not Applicable"},"geometry":{"type":"Point","coordinates":[-77.05346273,3.88420292]}},{"type":"Feature","properties":{"obj_type":"11-Residential Buildings","name":"Unknown","info":"997-Not Applicable","simplified":"Residential","damage_gra":"Destroyed","det_method":"Photo-interpretation","notation":"Building point","or_src_id":1,"dmg_src_id":3,"cd_value":"Not Applicable"},"geometry":{"type":"Point","coordinates":[-77.05348204,3.88426728]}},{"type":"Feature","properties":{"obj_type":"11-Residential Buildings","name":"Unknown","info":"997-Not Applicable","simplified":"Residential","damage_gra":"Destroyed","det_method":"Photo-interpretation","notation":"Building point","or_src_id":1,"dmg_src_id":3,"cd_value":"Not Applicable"},"geometry":{"type":"Point","coordinates":[-77.05326646,3.88435415]}},{"type":"Feature","properties":{"obj_type":"11-Residential Buildings","name":"Unknown","info":"997-Not Applicable","simplified":"Residential","damage_gra":"Damaged","det_method":"Photo-interpretation","notation":"Building point","or_src_id":1,"dmg_src_id":3,"cd_value":"Not Applicable"},"geometry":{"type":"Point","coordinates":[-77.04742493,3.88447642]}},{"type":"Feature","properties":{"obj_type":"11-Residential Buildings","name":"Unknown","info":"997-Not Applicable","simplified":"Residential","damage_gra":"Destroyed","det_method":"Photo-interpretation","notation":"Building point","or_src_id":1,"dmg_src_id":3,"cd_value":"Not Applicable"},"geometry":{"type":"Point","coordinates":[-77.06273908,3.88065912]}},{"type":"Feature","properties":{"obj_type":"11-Residential Buildings","name":"Unknown","info":"997-Not Applicable","simplified":"Residential","damage_gra":"Possibly damaged","det_method":"Photo-interpretation","notation":"Building point","or_src_id":1,"dmg_src_id":3,"cd_value":"Not Applicable"},"geometry":{"type":"Point","coordinates":[-77.0706215,3.88090064]}},{"type":"Feature","properties":{"obj_type":"11-Residential Buildings","name":"Unknown","info":"997-Not Applicable","simplified":"Residential","damage_gra":"Destroyed","det_method":"Photo-interpretation","notation":"Building point","or_src_id":1,"dmg_src_id":3,"cd_value":"Not Applicable"},"geometry":{"type":"Point","coordinates":[-77.06921951,3.88093362]}},{"type":"Feature","properties":{"obj_type":"11-Residential Buildings","name":"Unknown","info":"997-Not Applicable","simplified":"Residential","damage_gra":"Damaged","det_method":"Photo-interpretation","notation":"Building point","or_src_id":1,"dmg_src_id":3,"cd_value":"Not Applicable"},"geometry":{"type":"Point","coordinates":[-77.06313027,3.88144018]}},{"type":"Feature","properties":{"obj_type":"11-Residential Buildings","name":"Unknown","info":"997-Not Applicable","simplified":"Residential","damage_gra":"Damaged","det_method":"Photo-interpretation","notation":"Building point","or_src_id":1,"dmg_src_id":3,"cd_value":"Not Applicable"},"geometry":{"type":"Point","coordinates":[-77.07009806,3.88188669]}},{"type":"Feature","properties":{"obj_type":"11-Residential Buildings","name":"Unknown","info":"997-Not Applicable","simplified":"Residential","damage_gra":"Damaged","det_method":"Photo-interpretation","notation":"Building point","or_src_id":1,"dmg_src_id":3,"cd_value":"Not Applicable"},"geometry":{"type":"Point","coordinates":[-77.07321505,3.88213216]}},{"type":"Feature","properties":{"obj_type":"11-Residential Buildings","name":"Unknown","info":"997-Not Applicable","simplified":"Residential","damage_gra":"Damaged","det_method":"Photo-interpretation","notation":"Building point","or_src_id":1,"dmg_src_id":3,"cd_value":"Not Applicable"},"geometry":{"type":"Point","coordinates":[-77.06338088,3.8822929]}},{"type":"Feature","properties":{"obj_type":"11-Residential Buildings","name":"Unknown","info":"997-Not Applicable","simplified":"Residential","damage_gra":"Damaged","det_method":"Photo-interpretation","notation":"Building point","or_src_id":1,"dmg_src_id":3,"cd_value":"Not Applicable"},"geometry":{"type":"Point","coordinates":[-77.06797102,3.88329511]}},{"type":"Feature","properties":{"obj_type":"11-Residential Buildings","name":"Unknown","info":"997-Not Applicable","simplified":"Residential","damage_gra":"Damaged","det_method":"Photo-interpretation","notation":"Building point","or_src_id":1,"dmg_src_id":3,"cd_value":"Not Applicable"},"geometry":{"type":"Point","coordinates":[-77.07118866,3.88654137]}},{"type":"Feature","properties":{"obj_type":"11-Residential Buildings","name":"Unknown","info":"997-Not Applicable","simplified":"Residential","damage_gra":"Damaged","det_method":"Photo-interpretation","notation":"Building point","or_src_id":1,"dmg_src_id":3,"cd_value":"Not Applicable"},"geometry":{"type":"Point","coordinates":[-77.07488274,3.88693477]}},{"type":"Feature","properties":{"obj_type":"11-Residential Buildings","name":"Unknown","info":"997-Not Applicable","simplified":"Residential","damage_gra":"Damaged","det_method":"Photo-interpretation","notation":"Building point","or_src_id":1,"dmg_src_id":3,"cd_value":"Not Applicable"},"geometry":{"type":"Point","coordinates":[-77.0596899,3.88113975]}},{"type":"Feature","properties":{"obj_type":"11-Residential Buildings","name":"Unknown","info":"997-Not Applicable","simplified":"Residential","damage_gra":"Destroyed","det_method":"Photo-interpretation","notation":"Building point","or_src_id":1,"dmg_src_id":3,"cd_value":"Not Applicable"},"geometry":{"type":"Point","coordinates":[-77.06000023,3.88132905]}},{"type":"Feature","properties":{"obj_type":"11-Residential Buildings","name":"Unknown","info":"997-Not Applicable","simplified":"Residential","damage_gra":"Damaged","det_method":"Photo-interpretation","notation":"Building point","or_src_id":1,"dmg_src_id":3,"cd_value":"Not Applicable"},"geometry":{"type":"Point","coordinates":[-77.06040746,3.88285039]}},{"type":"Feature","properties":{"obj_type":"11-Residential Buildings","name":"Unknown","info":"997-Not Applicable","simplified":"Residential","damage_gra":"Possibly damaged","det_method":"Photo-interpretation","notation":"Building point","or_src_id":1,"dmg_src_id":3,"cd_value":"Not Applicable"},"geometry":{"type":"Point","coordinates":[-77.06117089,3.88312326]}},{"type":"Feature","properties":{"obj_type":"11-Residential Buildings","name":"Unknown","info":"997-Not Applicable","simplified":"Residential","damage_gra":"Possibly damaged","det_method":"Photo-interpretation","notation":"Building point","or_src_id":1,"dmg_src_id":3,"cd_value":"Not Applicable"},"geometry":{"type":"Point","coordinates":[-77.06079856,3.88744494]}},{"type":"Feature","properties":{"obj_type":"11-Residential Buildings","name":"Unknown","info":"997-Not Applicable","simplified":"Residential","damage_gra":"Destroyed","det_method":"Photo-interpretation","notation":"Building point","or_src_id":1,"dmg_src_id":3,"cd_value":"Not Applicable"},"geometry":{"type":"Point","coordinates":[-77.06190614,3.88806775]}},{"type":"Feature","properties":{"obj_type":"11-Residential Buildings","name":"Unknown","info":"997-Not Applicable","simplified":"Residential","damage_gra":"Destroyed","det_method":"Photo-interpretation","notation":"Building point","or_src_id":1,"dmg_src_id":3,"cd_value":"Not Applicable"},"geometry":{"type":"Point","coordinates":[-77.0533099,3.88459547]}},{"type":"Feature","properties":{"obj_type":"11-Residential Buildings","name":"Unknown","info":"997-Not Applicable","simplified":"Residential","damage_gra":"Destroyed","det_method":"Photo-interpretation","notation":"Building point","or_src_id":1,"dmg_src_id":3,"cd_value":"Not Applicable"},"geometry":{"type":"Point","coordinates":[-77.05336299,3.88466626]}},{"type":"Feature","properties":{"obj_type":"11-Residential Buildings","name":"Unknown","info":"997-Not Applicable","simplified":"Residential","damage_gra":"Damaged","det_method":"Photo-interpretation","notation":"Building point","or_src_id":1,"dmg_src_id":3,"cd_value":"Not Applicable"},"geometry":{"type":"Point","coordinates":[-77.05288035,3.88467913]}},{"type":"Feature","properties":{"obj_type":"11-Residential Buildings","name":"Unknown","info":"997-Not Applicable","simplified":"Residential","damage_gra":"Destroyed","det_method":"Photo-interpretation","notation":"Building point","or_src_id":1,"dmg_src_id":3,"cd_value":"Not Applicable"},"geometry":{"type":"Point","coordinates":[-77.05337908,3.88471291]}},{"type":"Feature","properties":{"obj_type":"11-Residential Buildings","name":"Unknown","info":"997-Not Applicable","simplified":"Residential","damage_gra":"Damaged","det_method":"Photo-interpretation","notation":"Building point","or_src_id":1,"dmg_src_id":3,"cd_value":"Not Applicable"},"geometry":{"type":"Point","coordinates":[-77.0536283,3.88482863]}},{"type":"Feature","properties":{"obj_type":"11-Residential Buildings","name":"Unknown","info":"997-Not Applicable","simplified":"Residential","damage_gra":"Damaged","det_method":"Photo-interpretation","notation":"Building point","or_src_id":1,"dmg_src_id":3,"cd_value":"Not Applicable"},"geometry":{"type":"Point","coordinates":[-77.04949545,3.88485931]}},{"type":"Feature","properties":{"obj_type":"11-Residential Buildings","name":"Unknown","info":"997-Not Applicable","simplified":"Residential","damage_gra":"Damaged","det_method":"Photo-interpretation","notation":"Building point","or_src_id":1,"dmg_src_id":3,"cd_value":"Not Applicable"},"geometry":{"type":"Point","coordinates":[-77.05698434,3.88524801]}},{"type":"Feature","properties":{"obj_type":"11-Residential Buildings","name":"Unknown","info":"997-Not Applicable","simplified":"Residential","damage_gra":"Damaged","det_method":"Photo-interpretation","notation":"Building point","or_src_id":1,"dmg_src_id":3,"cd_value":"Not Applicable"},"geometry":{"type":"Point","coordinates":[-77.0517409,3.88527121]}},{"type":"Feature","properties":{"obj_type":"11-Residential Buildings","name":"Unknown","info":"997-Not Applicable","simplified":"Residential","damage_gra":"Damaged","det_method":"Photo-interpretation","notation":"Building point","or_src_id":1,"dmg_src_id":3,"cd_value":"Not Applicable"},"geometry":{"type":"Point","coordinates":[-77.04728818,3.88553179]}},{"type":"Feature","properties":{"obj_type":"11-Residential Buildings","name":"Unknown","info":"997-Not Applicable","simplified":"Residential","damage_gra":"Damaged","det_method":"Photo-interpretation","notation":"Building point","or_src_id":1,"dmg_src_id":3,"cd_value":"Not Applicable"},"geometry":{"type":"Point","coordinates":[-77.04945362,3.8858455]}},{"type":"Feature","properties":{"obj_type":"11-Residential Buildings","name":"Unknown","info":"997-Not Applicable","simplified":"Residential","damage_gra":"Destroyed","det_method":"Photo-interpretation","notation":"Building point","or_src_id":1,"dmg_src_id":3,"cd_value":"Not Applicable"},"geometry":{"type":"Point","coordinates":[-77.04967402,3.88585033]}},{"type":"Feature","properties":{"obj_type":"11-Residential Buildings","name":"Unknown","info":"997-Not Applicable","simplified":"Residential","damage_gra":"Damaged","det_method":"Photo-interpretation","notation":"Building point","or_src_id":1,"dmg_src_id":3,"cd_value":"Not Applicable"},"geometry":{"type":"Point","coordinates":[-77.04944397,3.88588894]}},{"type":"Feature","properties":{"obj_type":"11-Residential Buildings","name":"Unknown","info":"997-Not Applicable","simplified":"Residential","damage_gra":"Destroyed","det_method":"Photo-interpretation","notation":"Building point","or_src_id":1,"dmg_src_id":3,"cd_value":"Not Applicable"},"geometry":{"type":"Point","coordinates":[-77.04937157,3.88601764]}},{"type":"Feature","properties":{"obj_type":"11-Residential Buildings","name":"Unknown","info":"997-Not Applicable","simplified":"Residential","damage_gra":"Possibly damaged","det_method":"Photo-interpretation","notation":"Building point","or_src_id":1,"dmg_src_id":3,"cd_value":"Not Applicable"},"geometry":{"type":"Point","coordinates":[-77.04934744,3.886082]}},{"type":"Feature","properties":{"obj_type":"11-Residential Buildings","name":"Unknown","info":"997-Not Applicable","simplified":"Residential","damage_gra":"Possibly damaged","det_method":"Photo-interpretation","notation":"Building point","or_src_id":1,"dmg_src_id":3,"cd_value":"Not Applicable"},"geometry":{"type":"Point","coordinates":[-77.04931526,3.88613991]}},{"type":"Feature","properties":{"obj_type":"11-Residential Buildings","name":"Unknown","info":"997-Not Applicable","simplified":"Residential","damage_gra":"Destroyed","det_method":"Photo-interpretation","notation":"Building point","or_src_id":1,"dmg_src_id":3,"cd_value":"Not Applicable"},"geometry":{"type":"Point","coordinates":[-77.04999096,3.88631849]}},{"type":"Feature","properties":{"obj_type":"11-Residential Buildings","name":"Unknown","info":"997-Not Applicable","simplified":"Residential","damage_gra":"Damaged","det_method":"Photo-interpretation","notation":"Building point","or_src_id":1,"dmg_src_id":3,"cd_value":"Not Applicable"},"geometry":{"type":"Point","coordinates":[-77.07095733,3.88704431]}},{"type":"Feature","properties":{"obj_type":"11-Residential Buildings","name":"Unknown","info":"997-Not Applicable","simplified":"Residential","damage_gra":"Possibly damaged","det_method":"Photo-interpretation","notation":"Building point","or_src_id":1,"dmg_src_id":3,"cd_value":"Not Applicable"},"geometry":{"type":"Point","coordinates":[-77.07444555,3.8874537]}},{"type":"Feature","properties":{"obj_type":"11-Residential Buildings","name":"Unknown","info":"997-Not Applicable","simplified":"Residential","damage_gra":"Destroyed","det_method":"Photo-interpretation","notation":"Building point","or_src_id":1,"dmg_src_id":3,"cd_value":"Not Applicable"},"geometry":{"type":"Point","coordinates":[-77.07552456,3.8875343]}},{"type":"Feature","properties":{"obj_type":"11-Residential Buildings","name":"Unknown","info":"997-Not Applicable","simplified":"Residential","damage_gra":"Possibly damaged","det_method":"Photo-interpretation","notation":"Building point","or_src_id":1,"dmg_src_id":3,"cd_value":"Not Applicable"},"geometry":{"type":"Point","coordinates":[-77.07448862,3.88768098]}},{"type":"Feature","properties":{"obj_type":"11-Residential Buildings","name":"Unknown","info":"997-Not Applicable","simplified":"Residential","damage_gra":"Destroyed","det_method":"Photo-interpretation","notation":"Building point","or_src_id":1,"dmg_src_id":3,"cd_value":"Not Applicable"},"geometry":{"type":"Point","coordinates":[-77.06252878,3.88798369]}},{"type":"Feature","properties":{"obj_type":"11-Residential Buildings","name":"Unknown","info":"997-Not Applicable","simplified":"Residential","damage_gra":"Damaged","det_method":"Photo-interpretation","notation":"Building point","or_src_id":1,"dmg_src_id":3,"cd_value":"Not Applicable"},"geometry":{"type":"Point","coordinates":[-77.08005963,3.88961441]}},{"type":"Feature","properties":{"obj_type":"11-Residential Buildings","name":"Unknown","info":"997-Not Applicable","simplified":"Residential","damage_gra":"Damaged","det_method":"Photo-interpretation","notation":"Building point","or_src_id":1,"dmg_src_id":3,"cd_value":"Not Applicable"},"geometry":{"type":"Point","coordinates":[-77.04101673,3.88293396]}},{"type":"Feature","properties":{"obj_type":"11-Residential Buildings","name":"Unknown","info":"997-Not Applicable","simplified":"Residential","damage_gra":"Damaged","det_method":"Photo-interpretation","notation":"Building point","or_src_id":1,"dmg_src_id":3,"cd_value":"Not Applicable"},"geometry":{"type":"Point","coordinates":[-77.0452981,3.88300759]}},{"type":"Feature","properties":{"obj_type":"11-Residential Buildings","name":"Unknown","info":"997-Not Applicable","simplified":"Residential","damage_gra":"Damaged","det_method":"Photo-interpretation","notation":"Building point","or_src_id":1,"dmg_src_id":3,"cd_value":"Not Applicable"},"geometry":{"type":"Point","coordinates":[-77.04658514,3.88316203]}},{"type":"Feature","properties":{"obj_type":"11-Residential Buildings","name":"Unknown","info":"997-Not Applicable","simplified":"Residential","damage_gra":"Damaged","det_method":"Photo-interpretation","notation":"Building point","or_src_id":1,"dmg_src_id":3,"cd_value":"Not Applicable"},"geometry":{"type":"Point","coordinates":[-77.04655296,3.88331165]}},{"type":"Feature","properties":{"obj_type":"11-Residential Buildings","name":"Unknown","info":"997-Not Applicable","simplified":"Residential","damage_gra":"Damaged","det_method":"Photo-interpretation","notation":"Building point","or_src_id":1,"dmg_src_id":3,"cd_value":"Not Applicable"},"geometry":{"type":"Point","coordinates":[-77.04446092,3.88339572]}},{"type":"Feature","properties":{"obj_type":"11-Residential Buildings","name":"Unknown","info":"997-Not Applicable","simplified":"Residential","damage_gra":"Damaged","det_method":"Photo-interpretation","notation":"Building point","or_src_id":1,"dmg_src_id":3,"cd_value":"Not Applicable"},"geometry":{"type":"Point","coordinates":[-77.04444223,3.88348058]}},{"type":"Feature","properties":{"obj_type":"11-Residential Buildings","name":"Unknown","info":"997-Not Applicable","simplified":"Residential","damage_gra":"Damaged","det_method":"Photo-interpretation","notation":"Building point","or_src_id":1,"dmg_src_id":3,"cd_value":"Not Applicable"},"geometry":{"type":"Point","coordinates":[-77.04580166,3.88373155]}},{"type":"Feature","properties":{"obj_type":"11-Residential Buildings","name":"Unknown","info":"997-Not Applicable","simplified":"Residential","damage_gra":"Damaged","det_method":"Photo-interpretation","notation":"Building point","or_src_id":1,"dmg_src_id":3,"cd_value":"Not Applicable"},"geometry":{"type":"Point","coordinates":[-77.04599471,3.88448125]}},{"type":"Feature","properties":{"obj_type":"11-Residential Buildings","name":"Unknown","info":"997-Not Applicable","simplified":"Residential","damage_gra":"Destroyed","det_method":"Photo-interpretation","notation":"Building point","or_src_id":1,"dmg_src_id":3,"cd_value":"Not Applicable"},"geometry":{"type":"Point","coordinates":[-77.04549277,3.88458099]}},{"type":"Feature","properties":{"obj_type":"11-Residential Buildings","name":"Unknown","info":"997-Not Applicable","simplified":"Residential","damage_gra":"Destroyed","det_method":"Photo-interpretation","notation":"Building point","or_src_id":1,"dmg_src_id":3,"cd_value":"Not Applicable"},"geometry":{"type":"Point","coordinates":[-77.04549599,3.88463569]}},{"type":"Feature","properties":{"obj_type":"11-Residential Buildings","name":"Unknown","info":"997-Not Applicable","simplified":"Residential","damage_gra":"Damaged","det_method":"Photo-interpretation","notation":"Building point","or_src_id":1,"dmg_src_id":3,"cd_value":"Not Applicable"},"geometry":{"type":"Point","coordinates":[-77.03021281,3.88363531]}},{"type":"Feature","properties":{"obj_type":"11-Residential Buildings","name":"Unknown","info":"997-Not Applicable","simplified":"Residential","damage_gra":"Destroyed","det_method":"Photo-interpretation","notation":"Building point","or_src_id":1,"dmg_src_id":3,"cd_value":"Not Applicable"},"geometry":{"type":"Point","coordinates":[-77.03269874,3.88491488]}},{"type":"Feature","properties":{"obj_type":"11-Residential Buildings","name":"Unknown","info":"997-Not Applicable","simplified":"Residential","damage_gra":"Damaged","det_method":"Photo-interpretation","notation":"Building point","or_src_id":1,"dmg_src_id":3,"cd_value":"Not Applicable"},"geometry":{"type":"Point","coordinates":[-77.02840483,3.88492914]}},{"type":"Feature","properties":{"obj_type":"11-Residential Buildings","name":"Unknown","info":"997-Not Applicable","simplified":"Residential","damage_gra":"Destroyed","det_method":"Photo-interpretation","notation":"Building point","or_src_id":1,"dmg_src_id":3,"cd_value":"Not Applicable"},"geometry":{"type":"Point","coordinates":[-77.03160744,3.88502768]}},{"type":"Feature","properties":{"obj_type":"11-Residential Buildings","name":"Unknown","info":"997-Not Applicable","simplified":"Residential","damage_gra":"Damaged","det_method":"Photo-interpretation","notation":"Building point","or_src_id":1,"dmg_src_id":3,"cd_value":"Not Applicable"},"geometry":{"type":"Point","coordinates":[-77.02692659,3.88539702]}},{"type":"Feature","properties":{"obj_type":"11-Residential Buildings","name":"Unknown","info":"997-Not Applicable","simplified":"Residential","damage_gra":"Damaged","det_method":"Photo-interpretation","notation":"Building point","or_src_id":1,"dmg_src_id":3,"cd_value":"Not Applicable"},"geometry":{"type":"Point","coordinates":[-77.03079806,3.88551287]}},{"type":"Feature","properties":{"obj_type":"11-Residential Buildings","name":"Unknown","info":"997-Not Applicable","simplified":"Residential","damage_gra":"Damaged","det_method":"Photo-interpretation","notation":"Building point","or_src_id":1,"dmg_src_id":3,"cd_value":"Not Applicable"},"geometry":{"type":"Point","coordinates":[-77.02693296,3.88553087]}},{"type":"Feature","properties":{"obj_type":"11-Residential Buildings","name":"Unknown","info":"997-Not Applicable","simplified":"Residential","damage_gra":"Destroyed","det_method":"Photo-interpretation","notation":"Building point","or_src_id":1,"dmg_src_id":3,"cd_value":"Not Applicable"},"geometry":{"type":"Point","coordinates":[-77.02672704,3.88555418]}},{"type":"Feature","properties":{"obj_type":"11-Residential Buildings","name":"Unknown","info":"997-Not Applicable","simplified":"Residential","damage_gra":"Damaged","det_method":"Photo-interpretation","notation":"Building point","or_src_id":1,"dmg_src_id":3,"cd_value":"Not Applicable"},"geometry":{"type":"Point","coordinates":[-77.0242788,3.88615714]}},{"type":"Feature","properties":{"obj_type":"11-Residential Buildings","name":"Unknown","info":"997-Not Applicable","simplified":"Residential","damage_gra":"Damaged","det_method":"Photo-interpretation","notation":"Building point","or_src_id":1,"dmg_src_id":3,"cd_value":"Not Applicable"},"geometry":{"type":"Point","coordinates":[-77.02436292,3.88622838]}},{"type":"Feature","properties":{"obj_type":"11-Residential Buildings","name":"Unknown","info":"997-Not Applicable","simplified":"Residential","damage_gra":"Damaged","det_method":"Photo-interpretation","notation":"Building point","or_src_id":1,"dmg_src_id":3,"cd_value":"Not Applicable"},"geometry":{"type":"Point","coordinates":[-77.04163793,3.88473296]}},{"type":"Feature","properties":{"obj_type":"11-Residential Buildings","name":"Unknown","info":"997-Not Applicable","simplified":"Residential","damage_gra":"Damaged","det_method":"Photo-interpretation","notation":"Building point","or_src_id":1,"dmg_src_id":3,"cd_value":"Not Applicable"},"geometry":{"type":"Point","coordinates":[-77.04237786,3.88475575]}},{"type":"Feature","properties":{"obj_type":"11-Residential Buildings","name":"Unknown","info":"997-Not Applicable","simplified":"Residential","damage_gra":"Damaged","det_method":"Photo-interpretation","notation":"Building point","or_src_id":1,"dmg_src_id":3,"cd_value":"Not Applicable"},"geometry":{"type":"Point","coordinates":[-77.04163526,3.88483324]}},{"type":"Feature","properties":{"obj_type":"11-Residential Buildings","name":"Unknown","info":"997-Not Applicable","simplified":"Residential","damage_gra":"Damaged","det_method":"Photo-interpretation","notation":"Building point","or_src_id":1,"dmg_src_id":3,"cd_value":"Not Applicable"},"geometry":{"type":"Point","coordinates":[-77.04580166,3.88488344]}},{"type":"Feature","properties":{"obj_type":"11-Residential Buildings","name":"Unknown","info":"997-Not Applicable","simplified":"Residential","damage_gra":"Destroyed","det_method":"Photo-interpretation","notation":"Building point","or_src_id":1,"dmg_src_id":3,"cd_value":"Not Applicable"},"geometry":{"type":"Point","coordinates":[-77.04701791,3.88499928]}},{"type":"Feature","properties":{"obj_type":"11-Residential Buildings","name":"Unknown","info":"997-Not Applicable","simplified":"Residential","damage_gra":"Destroyed","det_method":"Photo-interpretation","notation":"Building point","or_src_id":1,"dmg_src_id":3,"cd_value":"Not Applicable"},"geometry":{"type":"Point","coordinates":[-77.04724867,3.88504021]}},{"type":"Feature","properties":{"obj_type":"11-Residential Buildings","name":"Unknown","info":"997-Not Applicable","simplified":"Residential","damage_gra":"Destroyed","det_method":"Photo-interpretation","notation":"Building point","or_src_id":1,"dmg_src_id":3,"cd_value":"Not Applicable"},"geometry":{"type":"Point","coordinates":[-77.04598184,3.88505719]}},{"type":"Feature","properties":{"obj_type":"11-Residential Buildings","name":"Unknown","info":"997-Not Applicable","simplified":"Residential","damage_gra":"Destroyed","det_method":"Photo-interpretation","notation":"Building point","or_src_id":1,"dmg_src_id":3,"cd_value":"Not Applicable"},"geometry":{"type":"Point","coordinates":[-77.04564078,3.88509741]}},{"type":"Feature","properties":{"obj_type":"11-Residential Buildings","name":"Unknown","info":"997-Not Applicable","simplified":"Residential","damage_gra":"Destroyed","det_method":"Photo-interpretation","notation":"Building point","or_src_id":1,"dmg_src_id":3,"cd_value":"Not Applicable"},"geometry":{"type":"Point","coordinates":[-77.04548794,3.8851135]}},{"type":"Feature","properties":{"obj_type":"11-Residential Buildings","name":"Unknown","info":"997-Not Applicable","simplified":"Residential","damage_gra":"Damaged","det_method":"Photo-interpretation","notation":"Building point","or_src_id":1,"dmg_src_id":3,"cd_value":"Not Applicable"},"geometry":{"type":"Point","coordinates":[-77.04651274,3.88514407]}},{"type":"Feature","properties":{"obj_type":"11-Residential Buildings","name":"Unknown","info":"997-Not Applicable","simplified":"Residential","damage_gra":"Damaged","det_method":"Photo-interpretation","notation":"Building point","or_src_id":1,"dmg_src_id":3,"cd_value":"Not Applicable"},"geometry":{"type":"Point","coordinates":[-77.04502783,3.88515694]}},{"type":"Feature","properties":{"obj_type":"11-Residential Buildings","name":"Unknown","info":"997-Not Applicable","simplified":"Residential","damage_gra":"Destroyed","det_method":"Photo-interpretation","notation":"Building point","or_src_id":1,"dmg_src_id":3,"cd_value":"Not Applicable"},"geometry":{"type":"Point","coordinates":[-77.04117757,3.88518861]}},{"type":"Feature","properties":{"obj_type":"11-Residential Buildings","name":"Unknown","info":"997-Not Applicable","simplified":"Residential","damage_gra":"Destroyed","det_method":"Photo-interpretation","notation":"Building point","or_src_id":1,"dmg_src_id":3,"cd_value":"Not Applicable"},"geometry":{"type":"Point","coordinates":[-77.04107686,3.88519773]}},{"type":"Feature","properties":{"obj_type":"11-Residential Buildings","name":"Unknown","info":"997-Not Applicable","simplified":"Residential","damage_gra":"Destroyed","det_method":"Photo-interpretation","notation":"Building point","or_src_id":1,"dmg_src_id":3,"cd_value":"Not Applicable"},"geometry":{"type":"Point","coordinates":[-77.04596093,3.88527438]}},{"type":"Feature","properties":{"obj_type":"11-Residential Buildings","name":"Unknown","info":"997-Not Applicable","simplified":"Residential","damage_gra":"Destroyed","det_method":"Photo-interpretation","notation":"Building point","or_src_id":1,"dmg_src_id":3,"cd_value":"Not Applicable"},"geometry":{"type":"Point","coordinates":[-77.0468522,3.88531943]}},{"type":"Feature","properties":{"obj_type":"11-Residential Buildings","name":"Unknown","info":"997-Not Applicable","simplified":"Residential","damage_gra":"Destroyed","det_method":"Photo-interpretation","notation":"Building point","or_src_id":1,"dmg_src_id":3,"cd_value":"Not Applicable"},"geometry":{"type":"Point","coordinates":[-77.04702756,3.88537574]}},{"type":"Feature","properties":{"obj_type":"11-Residential Buildings","name":"Unknown","info":"997-Not Applicable","simplified":"Residential","damage_gra":"Destroyed","det_method":"Photo-interpretation","notation":"Building point","or_src_id":1,"dmg_src_id":3,"cd_value":"Not Applicable"},"geometry":{"type":"Point","coordinates":[-77.04611859,3.88538539]}},{"type":"Feature","properties":{"obj_type":"11-Residential Buildings","name":"Unknown","info":"997-Not Applicable","simplified":"Residential","damage_gra":"Destroyed","det_method":"Photo-interpretation","notation":"Building point","or_src_id":1,"dmg_src_id":3,"cd_value":"Not Applicable"},"geometry":{"type":"Point","coordinates":[-77.04540268,3.885387]}},{"type":"Feature","properties":{"obj_type":"11-Residential Buildings","name":"Unknown","info":"997-Not Applicable","simplified":"Residential","damage_gra":"Damaged","det_method":"Photo-interpretation","notation":"Building point","or_src_id":1,"dmg_src_id":3,"cd_value":"Not Applicable"},"geometry":{"type":"Point","coordinates":[-77.04541876,3.88544491]}},{"type":"Feature","properties":{"obj_type":"11-Residential Buildings","name":"Unknown","info":"997-Not Applicable","simplified":"Residential","damage_gra":"Destroyed","det_method":"Photo-interpretation","notation":"Building point","or_src_id":1,"dmg_src_id":3,"cd_value":"Not Applicable"},"geometry":{"type":"Point","coordinates":[-77.0462312,3.88545135]}},{"type":"Feature","properties":{"obj_type":"11-Residential Buildings","name":"Unknown","info":"997-Not Applicable","simplified":"Residential","damage_gra":"Damaged","det_method":"Photo-interpretation","notation":"Building point","or_src_id":1,"dmg_src_id":4,"cd_value":"Not Applicable"},"geometry":{"type":"Point","coordinates":[-77.00237597,3.88507055]}},{"type":"Feature","properties":{"obj_type":"11-Residential Buildings","name":"Unknown","info":"997-Not Applicable","simplified":"Residential","damage_gra":"Possibly damaged","det_method":"Photo-interpretation","notation":"Building point","or_src_id":1,"dmg_src_id":4,"cd_value":"Not Applicable"},"geometry":{"type":"Point","coordinates":[-77.00404818,3.88511066]}},{"type":"Feature","properties":{"obj_type":"11-Residential Buildings","name":"Unknown","info":"997-Not Applicable","simplified":"Residential","damage_gra":"Destroyed","det_method":"Photo-interpretation","notation":"Building point","or_src_id":1,"dmg_src_id":4,"cd_value":"Not Applicable"},"geometry":{"type":"Point","coordinates":[-77.0026844,3.88520119]}},{"type":"Feature","properties":{"obj_type":"11-Residential Buildings","name":"Unknown","info":"997-Not Applicable","simplified":"Residential","damage_gra":"Damaged","det_method":"Photo-interpretation","notation":"Building point","or_src_id":1,"dmg_src_id":4,"cd_value":"Not Applicable"},"geometry":{"type":"Point","coordinates":[-77.0044206,3.88550546]}},{"type":"Feature","properties":{"obj_type":"11-Residential Buildings","name":"Unknown","info":"997-Not Applicable","simplified":"Residential","damage_gra":"Damaged","det_method":"Photo-interpretation","notation":"Building point","or_src_id":1,"dmg_src_id":4,"cd_value":"Not Applicable"},"geometry":{"type":"Point","coordinates":[-77.00432508,3.88562774]}},{"type":"Feature","properties":{"obj_type":"11-Residential Buildings","name":"Unknown","info":"997-Not Applicable","simplified":"Residential","damage_gra":"Destroyed","det_method":"Photo-interpretation","notation":"Building point","or_src_id":1,"dmg_src_id":3,"cd_value":"Not Applicable"},"geometry":{"type":"Point","coordinates":[-77.04611698,3.88547548]}},{"type":"Feature","properties":{"obj_type":"11-Residential Buildings","name":"Unknown","info":"997-Not Applicable","simplified":"Residential","damage_gra":"Destroyed","det_method":"Photo-interpretation","notation":"Building point","or_src_id":1,"dmg_src_id":3,"cd_value":"Not Applicable"},"geometry":{"type":"Point","coordinates":[-77.04574535,3.8854787]}},{"type":"Feature","properties":{"obj_type":"11-Residential Buildings","name":"Unknown","info":"997-Not Applicable","simplified":"Residential","damage_gra":"Destroyed","det_method":"Photo-interpretation","notation":"Building point","or_src_id":1,"dmg_src_id":3,"cd_value":"Not Applicable"},"geometry":{"type":"Point","coordinates":[-77.04542681,3.88550605]}},{"type":"Feature","properties":{"obj_type":"11-Residential Buildings","name":"Unknown","info":"997-Not Applicable","simplified":"Residential","damage_gra":"Destroyed","det_method":"Photo-interpretation","notation":"Building point","or_src_id":1,"dmg_src_id":3,"cd_value":"Not Applicable"},"geometry":{"type":"Point","coordinates":[-77.04589175,3.88557844]}},{"type":"Feature","properties":{"obj_type":"11-Residential Buildings","name":"Unknown","info":"997-Not Applicable","simplified":"Residential","damage_gra":"Destroyed","det_method":"Photo-interpretation","notation":"Building point","or_src_id":1,"dmg_src_id":3,"cd_value":"Not Applicable"},"geometry":{"type":"Point","coordinates":[-77.04609124,3.88558488]}},{"type":"Feature","properties":{"obj_type":"11-Residential Buildings","name":"Unknown","info":"997-Not Applicable","simplified":"Residential","damage_gra":"Destroyed","det_method":"Photo-interpretation","notation":"Building point","or_src_id":1,"dmg_src_id":3,"cd_value":"Not Applicable"},"geometry":{"type":"Point","coordinates":[-77.04543646,3.88574254]}},{"type":"Feature","properties":{"obj_type":"11-Residential Buildings","name":"Unknown","info":"997-Not Applicable","simplified":"Residential","damage_gra":"Destroyed","det_method":"Photo-interpretation","notation":"Building point","or_src_id":1,"dmg_src_id":3,"cd_value":"Not Applicable"},"geometry":{"type":"Point","coordinates":[-77.04617651,3.88574737]}},{"type":"Feature","properties":{"obj_type":"11-Residential Buildings","name":"Unknown","info":"997-Not Applicable","simplified":"Residential","damage_gra":"Destroyed","det_method":"Photo-interpretation","notation":"Building point","or_src_id":1,"dmg_src_id":3,"cd_value":"Not Applicable"},"geometry":{"type":"Point","coordinates":[-77.04606389,3.88596616]}},{"type":"Feature","properties":{"obj_type":"11-Residential Buildings","name":"Unknown","info":"997-Not Applicable","simplified":"Residential","damage_gra":"Destroyed","det_method":"Photo-interpretation","notation":"Building point","or_src_id":1,"dmg_src_id":3,"cd_value":"Not Applicable"},"geometry":{"type":"Point","coordinates":[-77.04578396,3.886119]}},{"type":"Feature","properties":{"obj_type":"11-Residential Buildings","name":"Unknown","info":"997-Not Applicable","simplified":"Residential","damage_gra":"Damaged","det_method":"Photo-interpretation","notation":"Building point","or_src_id":1,"dmg_src_id":3,"cd_value":"Not Applicable"},"geometry":{"type":"Point","coordinates":[-77.04558125,3.8863201]}},{"type":"Feature","properties":{"obj_type":"11-Residential Buildings","name":"Unknown","info":"997-Not Applicable","simplified":"Residential","damage_gra":"Destroyed","det_method":"Photo-interpretation","notation":"Building point","or_src_id":1,"dmg_src_id":3,"cd_value":"Not Applicable"},"geometry":{"type":"Point","coordinates":[-77.04638726,3.88641823]}},{"type":"Feature","properties":{"obj_type":"11-Residential Buildings","name":"Unknown","info":"997-Not Applicable","simplified":"Residential","damage_gra":"Destroyed","det_method":"Photo-interpretation","notation":"Building point","or_src_id":1,"dmg_src_id":3,"cd_value":"Not Applicable"},"geometry":{"type":"Point","coordinates":[-77.0454445,3.88650511]}},{"type":"Feature","properties":{"obj_type":"11-Residential Buildings","name":"Unknown","info":"997-Not Applicable","simplified":"Residential","damage_gra":"Destroyed","det_method":"Photo-interpretation","notation":"Building point","or_src_id":1,"dmg_src_id":3,"cd_value":"Not Applicable"},"geometry":{"type":"Point","coordinates":[-77.04546059,3.88664186]}},{"type":"Feature","properties":{"obj_type":"11-Residential Buildings","name":"Unknown","info":"997-Not Applicable","simplified":"Residential","damage_gra":"Damaged","det_method":"Photo-interpretation","notation":"Building point","or_src_id":1,"dmg_src_id":3,"cd_value":"Not Applicable"},"geometry":{"type":"Point","coordinates":[-77.04546864,3.88689926]}},{"type":"Feature","properties":{"obj_type":"11-Residential Buildings","name":"Unknown","info":"997-Not Applicable","simplified":"Residential","damage_gra":"Destroyed","det_method":"Photo-interpretation","notation":"Building point","or_src_id":1,"dmg_src_id":3,"cd_value":"Not Applicable"},"geometry":{"type":"Point","coordinates":[-77.0458274,3.88701992]}},{"type":"Feature","properties":{"obj_type":"11-Residential Buildings","name":"Unknown","info":"997-Not Applicable","simplified":"Residential","damage_gra":"Damaged","det_method":"Photo-interpretation","notation":"Building point","or_src_id":1,"dmg_src_id":3,"cd_value":"Not Applicable"},"geometry":{"type":"Point","coordinates":[-77.04566652,3.88703762]}},{"type":"Feature","properties":{"obj_type":"11-Residential Buildings","name":"Unknown","info":"997-Not Applicable","simplified":"Residential","damage_gra":"Possibly damaged","det_method":"Photo-interpretation","notation":"Building point","or_src_id":1,"dmg_src_id":3,"cd_value":"Not Applicable"},"geometry":{"type":"Point","coordinates":[-77.02596258,3.88665318]}},{"type":"Feature","properties":{"obj_type":"11-Residential Buildings","name":"Unknown","info":"997-Not Applicable","simplified":"Residential","damage_gra":"Destroyed","det_method":"Photo-interpretation","notation":"Building point","or_src_id":1,"dmg_src_id":3,"cd_value":"Not Applicable"},"geometry":{"type":"Point","coordinates":[-77.02807257,3.88739668]}},{"type":"Feature","properties":{"obj_type":"11-Residential Buildings","name":"Unknown","info":"997-Not Applicable","simplified":"Residential","damage_gra":"Destroyed","det_method":"Photo-interpretation","notation":"Building point","or_src_id":1,"dmg_src_id":3,"cd_value":"Not Applicable"},"geometry":{"type":"Point","coordinates":[-77.01910395,3.88754784]}},{"type":"Feature","properties":{"obj_type":"11-Residential Buildings","name":"Unknown","info":"997-Not Applicable","simplified":"Residential","damage_gra":"Destroyed","det_method":"Photo-interpretation","notation":"Building point","or_src_id":1,"dmg_src_id":3,"cd_value":"Not Applicable"},"geometry":{"type":"Point","coordinates":[-77.02829453,3.887626]}},{"type":"Feature","properties":{"obj_type":"11-Residential Buildings","name":"Unknown","info":"997-Not Applicable","simplified":"Residential","damage_gra":"Damaged","det_method":"Photo-interpretation","notation":"Building point","or_src_id":1,"dmg_src_id":3,"cd_value":"Not Applicable"},"geometry":{"type":"Point","coordinates":[-77.0209865,3.88807411]}},{"type":"Feature","properties":{"obj_type":"11-Residential Buildings","name":"Unknown","info":"997-Not Applicable","simplified":"Residential","damage_gra":"Damaged","det_method":"Photo-interpretation","notation":"Building point","or_src_id":1,"dmg_src_id":3,"cd_value":"Not Applicable"},"geometry":{"type":"Point","coordinates":[-77.02106582,3.88811872]}}]}